ds2,Accidente,NumAcc
2020-01-01 03:00:00,True,2
2020-01-01 11:00:00,True,1
2020-01-01 14:00:00,True,1
2020-01-01 16:00:00,True,1
2020-01-01 18:00:00,True,1
2020-01-01 19:00:00,True,1
2020-01-01 21:00:00,True,1
2020-01-02 09:00:00,True,1
2020-01-02 15:00:00,True,1
2020-01-02 16:00:00,True,1
2020-01-02 22:00:00,True,1
2020-01-02 23:00:00,True,1
2020-01-03 02:00:00,True,1
2020-01-03 14:00:00,True,1
2020-01-03 15:00:00,True,1
2020-01-03 16:00:00,True,3
2020-01-03 18:00:00,True,3
2020-01-03 17:00:00,True,1
2020-01-03 19:00:00,True,1
2020-01-04 00:00:00,True,1
2020-01-04 12:00:00,True,2
2020-01-04 14:00:00,True,1
2020-01-04 19:00:00,True,1
2020-01-04 23:00:00,True,1
2020-01-05 01:00:00,True,1
2020-01-05 09:00:00,True,1
2020-01-05 17:00:00,True,1
2020-01-05 18:00:00,True,1
2020-01-05 23:00:00,True,1
2020-01-06 00:00:00,True,1
2020-01-06 01:00:00,True,2
2020-01-06 04:00:00,True,1
2020-01-06 18:00:00,True,1
2020-01-06 19:00:00,True,1
2020-01-06 20:00:00,True,1
2020-01-06 22:00:00,True,1
2020-01-06 23:00:00,True,1
2020-01-07 09:00:00,True,2
2020-01-07 13:00:00,True,2
2020-01-07 12:00:00,True,1
2020-01-07 16:00:00,True,4
2020-01-07 17:00:00,True,4
2020-01-07 18:00:00,True,1
2020-01-07 22:00:00,True,1
2020-01-07 23:00:00,True,1
2020-01-08 10:00:00,True,1
2020-01-08 14:00:00,True,1
2020-01-08 15:00:00,True,1
2020-01-08 16:00:00,True,2
2020-01-08 17:00:00,True,2
2020-01-08 20:00:00,True,2
2020-01-08 21:00:00,True,1
2020-01-08 22:00:00,True,1
2020-01-09 09:00:00,True,1
2020-01-09 12:00:00,True,1
2020-01-09 15:00:00,True,1
2020-01-09 16:00:00,True,1
2020-01-09 17:00:00,True,1
2020-01-09 18:00:00,True,1
2020-01-09 19:00:00,True,1
2020-01-09 20:00:00,True,2
2020-01-09 21:00:00,True,1
2020-01-09 23:00:00,True,1
2020-01-10 02:00:00,True,1
2020-01-10 04:00:00,True,1
2020-01-10 09:00:00,True,1
2020-01-10 10:00:00,True,1
2020-01-10 11:00:00,True,1
2020-01-10 13:00:00,True,1
2020-01-10 14:00:00,True,1
2020-01-10 18:00:00,True,2
2020-01-10 20:00:00,True,1
2020-01-10 21:00:00,True,1
2020-01-10 22:00:00,True,1
2020-01-11 05:00:00,True,1
2020-01-11 12:00:00,True,1
2020-01-11 13:00:00,True,1
2020-01-11 16:00:00,True,1
2020-01-11 19:00:00,True,1
2020-01-11 22:00:00,True,2
2020-01-12 00:00:00,True,1
2020-01-12 02:00:00,True,1
2020-01-12 03:00:00,True,2
2020-01-12 09:00:00,True,1
2020-01-12 12:00:00,True,1
2020-01-12 13:00:00,True,2
2020-01-12 19:00:00,True,1
2020-01-12 22:00:00,True,1
2020-01-13 10:00:00,True,1
2020-01-13 11:00:00,True,1
2020-01-13 15:00:00,True,2
2020-01-13 16:00:00,True,2
2020-01-13 17:00:00,True,2
2020-01-13 20:00:00,True,3
2020-01-13 19:00:00,True,3
2020-01-13 21:00:00,True,1
2020-01-13 23:00:00,True,4
2020-01-14 11:00:00,True,1
2020-01-14 13:00:00,True,1
2020-01-14 15:00:00,True,2
2020-01-14 16:00:00,True,1
2020-01-14 18:00:00,True,1
2020-01-14 19:00:00,True,1
2020-01-14 21:00:00,True,1
2020-01-15 01:00:00,True,1
2020-01-15 02:00:00,True,2
2020-01-15 12:00:00,True,2
2020-01-15 13:00:00,True,1
2020-01-15 17:00:00,True,3
2020-01-15 21:00:00,True,1
2020-01-15 23:00:00,True,1
2020-01-16 09:00:00,True,1
2020-01-16 10:00:00,True,1
2020-01-16 15:00:00,True,1
2020-01-16 16:00:00,True,1
2020-01-16 18:00:00,True,2
2020-01-16 20:00:00,True,1
2020-01-16 21:00:00,True,1
2020-01-17 10:00:00,True,1
2020-01-17 11:00:00,True,1
2020-01-17 14:00:00,True,1
2020-01-17 17:00:00,True,1
2020-01-17 19:00:00,True,1
2020-01-17 22:00:00,True,1
2020-01-17 23:00:00,True,3
2020-01-18 01:00:00,True,3
2020-01-18 10:00:00,True,1
2020-01-18 12:00:00,True,1
2020-01-18 13:00:00,True,1
2020-01-18 14:00:00,True,1
2020-01-18 21:00:00,True,2
2020-01-18 22:00:00,True,1
2020-01-18 23:00:00,True,1
2020-01-19 00:00:00,True,2
2020-01-19 01:00:00,True,1
2020-01-19 03:00:00,True,1
2020-01-19 02:00:00,True,1
2020-01-19 05:00:00,True,1
2020-01-19 10:00:00,True,1
2020-01-19 13:00:00,True,1
2020-01-19 12:00:00,True,1
2020-01-19 14:00:00,True,1
2020-01-19 16:00:00,True,1
2020-01-19 19:00:00,True,1
2020-01-19 21:00:00,True,1
2020-01-20 01:00:00,True,1
2020-01-20 09:00:00,True,1
2020-01-20 11:00:00,True,4
2020-01-20 15:00:00,True,1
2020-01-20 17:00:00,True,1
2020-01-20 20:00:00,True,1
2020-01-21 02:00:00,True,1
2020-01-21 03:00:00,True,1
2020-01-21 10:00:00,True,1
2020-01-21 12:00:00,True,2
2020-01-21 16:00:00,True,2
2020-01-21 17:00:00,True,2
2020-01-21 18:00:00,True,1
2020-01-21 21:00:00,True,2
2020-01-21 23:00:00,True,1
2020-01-22 00:00:00,True,1
2020-01-22 04:00:00,True,1
2020-01-22 11:00:00,True,2
2020-01-22 13:00:00,True,1
2020-01-22 14:00:00,True,1
2020-01-22 17:00:00,True,1
2020-01-22 19:00:00,True,4
2020-01-22 20:00:00,True,4
2020-01-22 21:00:00,True,1
2020-01-22 22:00:00,True,1
2020-01-22 23:00:00,True,2
2020-01-23 10:00:00,True,1
2020-01-23 12:00:00,True,2
2020-01-23 16:00:00,True,2
2020-01-23 19:00:00,True,2
2020-01-23 20:00:00,True,1
2020-01-23 21:00:00,True,2
2020-01-23 22:00:00,True,1
2020-01-23 23:00:00,True,1
2020-01-24 07:00:00,True,1
2020-01-24 09:00:00,True,1
2020-01-24 10:00:00,True,1
2020-01-24 12:00:00,True,3
2020-01-24 11:00:00,True,1
2020-01-24 14:00:00,True,2
2020-01-24 17:00:00,True,3
2020-01-24 20:00:00,True,1
2020-01-25 01:00:00,True,1
2020-01-25 03:00:00,True,1
2020-01-25 04:00:00,True,1
2020-01-25 21:00:00,True,1
2020-01-26 03:00:00,True,1
2020-01-26 05:00:00,True,1
2020-01-26 04:00:00,True,1
2020-01-26 08:00:00,True,1
2020-01-26 10:00:00,True,1
2020-01-26 15:00:00,True,2
2020-01-26 16:00:00,True,1
2020-01-26 19:00:00,True,1
2020-01-26 23:00:00,True,1
2020-01-27 11:00:00,True,3
2020-01-27 12:00:00,True,3
2020-01-27 14:00:00,True,1
2020-01-27 15:00:00,True,1
2020-01-27 16:00:00,True,2
2020-01-27 18:00:00,True,1
2020-01-27 22:00:00,True,2
2020-01-27 23:00:00,True,1
2020-01-28 02:00:00,True,1
2020-01-28 05:00:00,True,1
2020-01-28 10:00:00,True,1
2020-01-28 11:00:00,True,1
2020-01-28 16:00:00,True,1
2020-01-28 15:00:00,True,1
2020-01-28 17:00:00,True,1
2020-01-28 20:00:00,True,3
2020-01-28 19:00:00,True,1
2020-01-28 22:00:00,True,1
2020-01-29 04:00:00,True,1
2020-01-29 10:00:00,True,2
2020-01-29 11:00:00,True,1
2020-01-29 16:00:00,True,1
2020-01-29 18:00:00,True,1
2020-01-29 21:00:00,True,1
2020-01-30 00:00:00,True,2
2020-01-30 04:00:00,True,1
2020-01-30 14:00:00,True,1
2020-01-30 13:00:00,True,1
2020-01-30 15:00:00,True,1
2020-01-30 16:00:00,True,2
2020-01-30 19:00:00,True,1
2020-01-30 21:00:00,True,2
2020-01-30 22:00:00,True,2
2020-01-30 23:00:00,True,1
2020-01-31 01:00:00,True,1
2020-01-31 05:00:00,True,1
2020-01-31 09:00:00,True,1
2020-01-31 14:00:00,True,1
2020-01-31 15:00:00,True,1
2020-01-31 16:00:00,True,2
2020-01-31 17:00:00,True,1
2020-01-31 18:00:00,True,1
2020-01-31 19:00:00,True,1
2020-01-31 21:00:00,True,1
2020-01-31 22:00:00,True,1
2020-02-01 00:00:00,True,1
2020-02-01 02:00:00,True,1
2020-02-01 03:00:00,True,1
2020-02-01 05:00:00,True,1
2020-02-01 07:00:00,True,1
2020-02-01 15:00:00,True,1
2020-02-01 16:00:00,True,3
2020-02-01 18:00:00,True,1
2020-02-01 22:00:00,True,1
2020-02-02 00:00:00,True,1
2020-02-02 01:00:00,True,1
2020-02-02 07:00:00,True,2
2020-02-02 09:00:00,True,1
2020-02-02 10:00:00,True,1
2020-02-02 13:00:00,True,1
2020-02-02 16:00:00,True,1
2020-02-02 19:00:00,True,1
2020-02-02 20:00:00,True,2
2020-02-02 22:00:00,True,1
2020-02-03 09:00:00,True,1
2020-02-03 10:00:00,True,1
2020-02-03 13:00:00,True,3
2020-02-03 12:00:00,True,1
2020-02-03 15:00:00,True,1
2020-02-03 16:00:00,True,2
2020-02-03 17:00:00,True,1
2020-02-03 20:00:00,True,1
2020-02-03 21:00:00,True,1
2020-02-03 22:00:00,True,4
2020-02-04 00:00:00,True,4
2020-02-03 23:00:00,True,1
2020-02-04 05:00:00,True,1
2020-02-04 09:00:00,True,2
2020-02-04 11:00:00,True,1
2020-02-04 12:00:00,True,2
2020-02-04 13:00:00,True,2
2020-02-04 14:00:00,True,1
2020-02-04 15:00:00,True,1
2020-02-04 17:00:00,True,2
2020-02-04 18:00:00,True,2
2020-02-04 20:00:00,True,1
2020-02-04 21:00:00,True,2
2020-02-04 22:00:00,True,1
2020-02-04 23:00:00,True,1
2020-02-05 10:00:00,True,1
2020-02-05 12:00:00,True,1
2020-02-05 14:00:00,True,1
2020-02-05 17:00:00,True,1
2020-02-05 19:00:00,True,1
2020-02-05 21:00:00,True,1
2020-02-05 23:00:00,True,2
2020-02-06 00:00:00,True,1
2020-02-06 10:00:00,True,1
2020-02-06 14:00:00,True,1
2020-02-06 15:00:00,True,1
2020-02-06 16:00:00,True,3
2020-02-06 17:00:00,True,3
2020-02-06 20:00:00,True,2
2020-02-06 21:00:00,True,3
2020-02-06 22:00:00,True,3
2020-02-06 23:00:00,True,1
2020-02-07 10:00:00,True,1
2020-02-07 11:00:00,True,1
2020-02-07 13:00:00,True,1
2020-02-07 14:00:00,True,1
2020-02-07 15:00:00,True,1
2020-02-07 16:00:00,True,1
2020-02-07 18:00:00,True,1
2020-02-07 23:00:00,True,1
2020-02-08 00:00:00,True,2
2020-02-08 04:00:00,True,1
2020-02-08 14:00:00,True,1
2020-02-08 19:00:00,True,2
2020-02-08 21:00:00,True,1
2020-02-08 23:00:00,True,2
2020-02-09 01:00:00,True,1
2020-02-09 02:00:00,True,2
2020-02-09 03:00:00,True,1
2020-02-09 07:00:00,True,1
2020-02-09 09:00:00,True,1
2020-02-09 20:00:00,True,1
2020-02-09 22:00:00,True,1
2020-02-09 23:00:00,True,1
2020-02-10 06:00:00,True,1
2020-02-10 09:00:00,True,1
2020-02-10 17:00:00,True,2
2020-02-10 18:00:00,True,2
2020-02-10 20:00:00,True,1
2020-02-10 21:00:00,True,1
2020-02-10 22:00:00,True,1
2020-02-11 09:00:00,True,1
2020-02-11 13:00:00,True,2
2020-02-11 20:00:00,True,1
2020-02-11 21:00:00,True,2
2020-02-11 23:00:00,True,1
2020-02-12 19:00:00,True,1
2020-02-12 20:00:00,True,1
2020-02-12 23:00:00,True,4
2020-02-12 22:00:00,True,1
2020-02-13 12:00:00,True,1
2020-02-13 11:00:00,True,1
2020-02-13 14:00:00,True,2
2020-02-13 15:00:00,True,1
2020-02-13 17:00:00,True,2
2020-02-13 16:00:00,True,1
2020-02-13 19:00:00,True,2
2020-02-13 21:00:00,True,1
2020-02-13 22:00:00,True,1
2020-02-13 23:00:00,True,1
2020-02-14 01:00:00,True,1
2020-02-14 02:00:00,True,1
2020-02-14 05:00:00,True,1
2020-02-14 06:00:00,True,1
2020-02-14 09:00:00,True,1
2020-02-14 10:00:00,True,1
2020-02-14 12:00:00,True,2
2020-02-14 13:00:00,True,4
2020-02-14 17:00:00,True,2
2020-02-14 16:00:00,True,1
2020-02-14 19:00:00,True,1
2020-02-14 20:00:00,True,1
2020-02-14 21:00:00,True,2
2020-02-14 23:00:00,True,1
2020-02-15 04:00:00,True,1
2020-02-15 07:00:00,True,1
2020-02-15 06:00:00,True,1
2020-02-15 09:00:00,True,1
2020-02-15 11:00:00,True,2
2020-02-15 18:00:00,True,2
2020-02-15 22:00:00,True,1
2020-02-15 23:00:00,True,1
2020-02-16 03:00:00,True,2
2020-02-16 04:00:00,True,2
2020-02-16 16:00:00,True,1
2020-02-16 21:00:00,True,1
2020-02-17 11:00:00,True,1
2020-02-17 10:00:00,True,1
2020-02-17 15:00:00,True,1
2020-02-17 19:00:00,True,2
2020-02-17 22:00:00,True,2
2020-02-18 02:00:00,True,1
2020-02-18 09:00:00,True,1
2020-02-18 11:00:00,True,1
2020-02-18 16:00:00,True,1
2020-02-18 17:00:00,True,1
2020-02-18 19:00:00,True,1
2020-02-18 20:00:00,True,1
2020-02-18 22:00:00,True,1
2020-02-19 10:00:00,True,2
2020-02-19 12:00:00,True,1
2020-02-19 13:00:00,True,1
2020-02-19 14:00:00,True,1
2020-02-19 15:00:00,True,1
2020-02-19 21:00:00,True,3
2020-02-19 20:00:00,True,1
2020-02-20 00:00:00,True,1
2020-02-20 02:00:00,True,1
2020-02-20 11:00:00,True,1
2020-02-20 14:00:00,True,1
2020-02-20 15:00:00,True,1
2020-02-20 18:00:00,True,1
2020-02-20 19:00:00,True,5
2020-02-20 20:00:00,True,5
2020-02-20 22:00:00,True,2
2020-02-20 21:00:00,True,1
2020-02-20 23:00:00,True,3
2020-02-21 00:00:00,True,3
2020-02-21 09:00:00,True,1
2020-02-21 10:00:00,True,3
2020-02-21 11:00:00,True,3
2020-02-21 12:00:00,True,1
2020-02-21 15:00:00,True,2
2020-02-21 14:00:00,True,2
2020-02-21 22:00:00,True,1
2020-02-21 23:00:00,True,1
2020-02-22 00:00:00,True,2
2020-02-22 02:00:00,True,1
2020-02-22 03:00:00,True,1
2020-02-22 09:00:00,True,3
2020-02-22 13:00:00,True,1
2020-02-22 15:00:00,True,2
2020-02-22 18:00:00,True,2
2020-02-22 19:00:00,True,2
2020-02-22 23:00:00,True,2
2020-02-23 01:00:00,True,1
2020-02-23 08:00:00,True,1
2020-02-23 14:00:00,True,1
2020-02-23 16:00:00,True,1
2020-02-23 19:00:00,True,2
2020-02-23 21:00:00,True,1
2020-02-23 20:00:00,True,1
2020-02-23 22:00:00,True,1
2020-02-23 23:00:00,True,1
2020-02-24 01:00:00,True,1
2020-02-24 14:00:00,True,1
2020-02-24 16:00:00,True,2
2020-02-24 18:00:00,True,1
2020-02-24 19:00:00,True,1
2020-02-25 12:00:00,True,3
2020-02-25 13:00:00,True,3
2020-02-25 20:00:00,True,2
2020-02-25 23:00:00,True,1
2020-02-25 22:00:00,True,1
2020-02-26 09:00:00,True,1
2020-02-26 11:00:00,True,1
2020-02-26 13:00:00,True,1
2020-02-26 15:00:00,True,1
2020-02-26 18:00:00,True,1
2020-02-26 19:00:00,True,1
2020-02-26 20:00:00,True,3
2020-02-26 21:00:00,True,3
2020-02-26 23:00:00,True,2
2020-02-27 01:00:00,True,1
2020-02-27 03:00:00,True,1
2020-02-27 04:00:00,True,1
2020-02-27 07:00:00,True,1
2020-02-27 11:00:00,True,1
2020-02-27 10:00:00,True,1
2020-02-27 15:00:00,True,3
2020-02-27 19:00:00,True,1
2020-02-27 21:00:00,True,1
2020-02-27 23:00:00,True,1
2020-02-28 03:00:00,True,1
2020-02-28 09:00:00,True,1
2020-02-28 13:00:00,True,1
2020-02-28 15:00:00,True,1
2020-02-28 17:00:00,True,1
2020-02-28 16:00:00,True,1
2020-02-28 18:00:00,True,2
2020-02-28 19:00:00,True,1
2020-02-28 23:00:00,True,2
2020-02-29 00:00:00,True,2
2020-02-29 01:00:00,True,1
2020-02-29 08:00:00,True,1
2020-02-29 16:00:00,True,1
2020-02-29 17:00:00,True,3
2020-03-01 00:00:00,True,1
2020-03-01 06:00:00,True,1
2020-03-01 07:00:00,True,1
2020-03-01 15:00:00,True,1
2020-03-02 07:00:00,True,1
2020-03-02 08:00:00,True,3
2020-03-02 10:00:00,True,1
2020-03-02 12:00:00,True,2
2020-03-02 13:00:00,True,1
2020-03-02 15:00:00,True,1
2020-03-02 16:00:00,True,1
2020-03-02 19:00:00,True,2
2020-03-02 20:00:00,True,1
2020-03-02 21:00:00,True,1
2020-03-03 10:00:00,True,2
2020-03-03 12:00:00,True,1
2020-03-03 14:00:00,True,1
2020-03-03 17:00:00,True,1
2020-03-03 21:00:00,True,2
2020-03-03 22:00:00,True,4
2020-03-03 23:00:00,True,4
2020-03-04 13:00:00,True,1
2020-03-04 16:00:00,True,2
2020-03-04 17:00:00,True,1
2020-03-04 18:00:00,True,1
2020-03-04 20:00:00,True,1
2020-03-04 21:00:00,True,2
2020-03-04 22:00:00,True,1
2020-03-04 23:00:00,True,2
2020-03-05 04:00:00,True,1
2020-03-05 11:00:00,True,1
2020-03-05 15:00:00,True,1
2020-03-05 14:00:00,True,2
2020-03-05 16:00:00,True,2
2020-03-05 19:00:00,True,1
2020-03-05 22:00:00,True,1
2020-03-06 00:00:00,True,1
2020-03-06 01:00:00,True,1
2020-03-06 04:00:00,True,1
2020-03-06 06:00:00,True,1
2020-03-06 11:00:00,True,1
2020-03-06 13:00:00,True,1
2020-03-06 16:00:00,True,1
2020-03-06 17:00:00,True,1
2020-03-06 19:00:00,True,2
2020-03-06 18:00:00,True,2
2020-03-06 22:00:00,True,1
2020-03-07 01:00:00,True,1
2020-03-07 00:00:00,True,2
2020-03-07 02:00:00,True,1
2020-03-07 05:00:00,True,1
2020-03-07 07:00:00,True,1
2020-03-07 09:00:00,True,1
2020-03-07 10:00:00,True,1
2020-03-07 15:00:00,True,3
2020-03-07 23:00:00,True,1
2020-03-08 00:00:00,True,1
2020-03-08 01:00:00,True,2
2020-03-08 02:00:00,True,1
2020-03-08 09:00:00,True,1
2020-03-08 21:00:00,True,2
2020-03-08 23:00:00,True,1
2020-03-09 15:00:00,True,1
2020-03-09 16:00:00,True,2
2020-03-09 18:00:00,True,1
2020-03-09 20:00:00,True,3
2020-03-10 22:00:00,True,1
2020-03-10 23:00:00,True,1
2020-03-11 01:00:00,True,1
2020-03-11 10:00:00,True,1
2020-03-11 13:00:00,True,1
2020-03-11 17:00:00,True,1
2020-03-11 18:00:00,True,1
2020-03-11 20:00:00,True,1
2020-03-11 22:00:00,True,2
2020-03-12 00:00:00,True,1
2020-03-12 11:00:00,True,1
2020-03-12 13:00:00,True,1
2020-03-12 19:00:00,True,1
2020-03-13 00:00:00,True,1
2020-03-13 12:00:00,True,1
2020-03-13 14:00:00,True,1
2020-03-13 15:00:00,True,1
2020-03-13 19:00:00,True,2
2020-03-13 18:00:00,True,1
2020-03-13 20:00:00,True,2
2020-03-14 02:00:00,True,1
2020-03-14 07:00:00,True,1
2020-03-14 14:00:00,True,1
2020-03-14 20:00:00,True,1
2020-03-15 12:00:00,True,1
2020-03-16 11:00:00,True,1
2020-03-16 12:00:00,True,1
2020-03-16 13:00:00,True,2
2020-03-16 19:00:00,True,1
2020-03-16 21:00:00,True,1
2020-03-17 09:00:00,True,1
2020-03-19 10:00:00,True,1
2020-03-20 13:00:00,True,1
2020-03-20 14:00:00,True,1
2020-03-20 22:00:00,True,1
2020-03-21 17:00:00,True,1
2020-03-22 00:00:00,True,1
2020-03-23 10:00:00,True,1
2020-03-23 16:00:00,True,1
2020-03-24 15:00:00,True,1
2020-03-25 11:00:00,True,1
2020-03-25 17:00:00,True,1
2020-03-28 15:00:00,True,1
2020-03-29 22:00:00,True,1
2020-03-30 10:00:00,True,1
2020-03-30 22:00:00,True,1
2020-03-31 12:00:00,True,1
2020-04-01 17:00:00,True,1
2020-04-07 23:00:00,True,1
2020-04-08 12:00:00,True,1
2020-04-09 04:00:00,True,1
2020-04-09 22:00:00,True,1
2020-04-10 16:00:00,True,1
2020-04-10 20:00:00,True,1
2020-04-10 22:00:00,True,1
2020-04-11 15:00:00,True,1
2020-04-11 17:00:00,True,1
2020-04-13 16:00:00,True,1
2020-04-14 20:00:00,True,1
2020-04-14 23:00:00,True,1
2020-04-15 12:00:00,True,1
2020-04-15 14:00:00,True,1
2020-04-15 21:00:00,True,2
2020-04-15 22:00:00,True,1
2020-04-16 09:00:00,True,1
2020-04-16 11:00:00,True,1
2020-04-16 12:00:00,True,1
2020-04-16 14:00:00,True,1
2020-04-19 09:00:00,True,1
2020-04-20 10:00:00,True,1
2020-04-20 17:00:00,True,1
2020-04-20 18:00:00,True,1
2020-04-21 12:00:00,True,1
2020-04-21 15:00:00,True,1
2020-04-22 13:00:00,True,1
2020-04-22 18:00:00,True,2
2020-04-23 17:00:00,True,1
2020-04-23 23:00:00,True,1
2020-04-24 02:00:00,True,1
2020-04-24 17:00:00,True,1
2020-04-24 19:00:00,True,1
2020-04-24 23:00:00,True,1
2020-04-25 20:00:00,True,1
2020-04-26 00:00:00,True,1
2020-04-27 15:00:00,True,1
2020-04-27 19:00:00,True,1
2020-04-28 13:00:00,True,2
2020-04-30 19:00:00,True,1
2020-05-01 02:00:00,True,1
2020-05-01 18:00:00,True,1
2020-05-01 20:00:00,True,1
2020-05-02 19:00:00,True,1
2020-05-03 17:00:00,True,1
2020-05-03 16:00:00,True,1
2020-05-04 14:00:00,True,1
2020-05-04 17:00:00,True,2
2020-05-04 21:00:00,True,1
2020-05-05 16:00:00,True,1
2020-05-05 17:00:00,True,1
2020-05-05 18:00:00,True,1
2020-05-05 20:00:00,True,1
2020-05-05 22:00:00,True,1
2020-05-05 23:00:00,True,1
2020-05-06 20:00:00,True,2
2020-05-07 16:00:00,True,1
2020-05-07 18:00:00,True,1
2020-05-07 20:00:00,True,1
2020-05-07 21:00:00,True,1
2020-05-08 13:00:00,True,1
2020-05-08 17:00:00,True,1
2020-05-08 18:00:00,True,1
2020-05-09 10:00:00,True,1
2020-05-09 11:00:00,True,1
2020-05-09 22:00:00,True,1
2020-05-09 23:00:00,True,1
2020-05-10 16:00:00,True,1
2020-05-10 17:00:00,True,1
2020-05-10 23:00:00,True,2
2020-05-11 09:00:00,True,1
2020-05-11 20:00:00,True,1
2020-05-11 22:00:00,True,1
2020-05-11 23:00:00,True,1
2020-05-12 17:00:00,True,2
2020-05-12 20:00:00,True,1
2020-05-13 11:00:00,True,1
2020-05-13 13:00:00,True,1
2020-05-13 15:00:00,True,2
2020-05-13 16:00:00,True,2
2020-05-13 17:00:00,True,1
2020-05-13 20:00:00,True,1
2020-05-14 11:00:00,True,1
2020-05-14 14:00:00,True,1
2020-05-14 15:00:00,True,2
2020-05-15 12:00:00,True,1
2020-05-15 18:00:00,True,1
2020-05-16 10:00:00,True,1
2020-05-18 13:00:00,True,1
2020-05-18 18:00:00,True,2
2020-05-18 19:00:00,True,1
2020-05-18 21:00:00,True,1
2020-05-19 09:00:00,True,1
2020-05-19 12:00:00,True,1
2020-05-19 13:00:00,True,1
2020-05-19 15:00:00,True,1
2020-05-19 20:00:00,True,1
2020-05-20 01:00:00,True,1
2020-05-20 10:00:00,True,2
2020-05-20 16:00:00,True,1
2020-05-21 07:00:00,True,1
2020-05-21 09:00:00,True,1
2020-05-21 11:00:00,True,1
2020-05-21 13:00:00,True,1
2020-05-21 15:00:00,True,1
2020-05-21 22:00:00,True,1
2020-05-22 12:00:00,True,1
2020-05-22 13:00:00,True,1
2020-05-22 14:00:00,True,1
2020-05-22 17:00:00,True,1
2020-05-22 18:00:00,True,1
2020-05-22 21:00:00,True,1
2020-05-23 04:00:00,True,1
2020-05-23 18:00:00,True,1
2020-05-23 19:00:00,True,1
2020-05-23 22:00:00,True,1
2020-05-24 15:00:00,True,1
2020-05-24 18:00:00,True,1
2020-05-24 20:00:00,True,1
2020-05-24 23:00:00,True,1
2020-05-25 12:00:00,True,1
2020-05-25 18:00:00,True,1
2020-05-25 19:00:00,True,1
2020-05-25 22:00:00,True,1
2020-05-25 23:00:00,True,1
2020-05-26 08:00:00,True,1
2020-05-26 19:00:00,True,1
2020-05-26 21:00:00,True,1
2020-05-27 13:00:00,True,2
2020-05-27 16:00:00,True,1
2020-05-27 20:00:00,True,1
2020-05-27 22:00:00,True,1
2020-05-27 21:00:00,True,2
2020-05-27 23:00:00,True,1
2020-05-28 00:00:00,True,1
2020-05-28 11:00:00,True,1
2020-05-28 13:00:00,True,2
2020-05-28 14:00:00,True,1
2020-05-28 20:00:00,True,2
2020-05-29 13:00:00,True,1
2020-05-29 16:00:00,True,1
2020-05-29 17:00:00,True,1
2020-05-29 19:00:00,True,1
2020-05-29 21:00:00,True,1
2020-05-29 23:00:00,True,1
2020-05-30 01:00:00,True,1
2020-05-30 12:00:00,True,1
2020-05-30 13:00:00,True,1
2020-05-30 21:00:00,True,1
2020-05-30 20:00:00,True,1
2020-05-30 23:00:00,True,1
2020-05-31 07:00:00,True,2
2020-05-31 16:00:00,True,2
2020-05-31 19:00:00,True,1
2020-05-31 23:00:00,True,1
2020-06-01 00:00:00,True,1
2020-06-01 11:00:00,True,1
2020-06-01 21:00:00,True,2
2020-06-02 13:00:00,True,1
2020-06-02 16:00:00,True,1
2020-06-02 18:00:00,True,2
2020-06-02 21:00:00,True,1
2020-06-03 13:00:00,True,1
2020-06-03 19:00:00,True,1
2020-06-03 20:00:00,True,1
2020-06-03 22:00:00,True,1
2020-06-04 01:00:00,True,1
2020-06-04 14:00:00,True,1
2020-06-04 15:00:00,True,1
2020-06-04 16:00:00,True,1
2020-06-05 00:00:00,True,1
2020-06-05 01:00:00,True,1
2020-06-05 06:00:00,True,1
2020-06-05 10:00:00,True,2
2020-06-05 15:00:00,True,1
2020-06-06 04:00:00,True,1
2020-06-06 06:00:00,True,1
2020-06-06 10:00:00,True,1
2020-06-06 16:00:00,True,1
2020-06-06 21:00:00,True,1
2020-06-06 22:00:00,True,1
2020-06-07 01:00:00,True,1
2020-06-07 02:00:00,True,1
2020-06-07 05:00:00,True,1
2020-06-07 14:00:00,True,1
2020-06-07 16:00:00,True,1
2020-06-07 17:00:00,True,1
2020-06-07 21:00:00,True,1
2020-06-07 22:00:00,True,1
2020-06-08 00:00:00,True,1
2020-06-08 06:00:00,True,1
2020-06-08 12:00:00,True,1
2020-06-08 14:00:00,True,1
2020-06-08 15:00:00,True,2
2020-06-08 16:00:00,True,2
2020-06-09 02:00:00,True,1
2020-06-09 11:00:00,True,1
2020-06-09 17:00:00,True,1
2020-06-09 18:00:00,True,1
2020-06-09 20:00:00,True,1
2020-06-10 03:00:00,True,1
2020-06-10 12:00:00,True,2
2020-06-10 17:00:00,True,1
2020-06-10 18:00:00,True,1
2020-06-10 20:00:00,True,1
2020-06-10 21:00:00,True,1
2020-06-10 23:00:00,True,1
2020-06-11 00:00:00,True,1
2020-06-11 04:00:00,True,1
2020-06-11 07:00:00,True,1
2020-06-11 13:00:00,True,1
2020-06-11 14:00:00,True,1
2020-06-11 16:00:00,True,1
2020-06-11 21:00:00,True,1
2020-06-12 01:00:00,True,1
2020-06-12 05:00:00,True,1
2020-06-12 11:00:00,True,1
2020-06-12 16:00:00,True,3
2020-06-12 15:00:00,True,1
2020-06-12 20:00:00,True,2
2020-06-13 00:00:00,True,1
2020-06-13 01:00:00,True,1
2020-06-13 10:00:00,True,1
2020-06-13 13:00:00,True,1
2020-06-13 20:00:00,True,2
2020-06-13 23:00:00,True,1
2020-06-14 02:00:00,True,1
2020-06-14 15:00:00,True,1
2020-06-14 21:00:00,True,1
2020-06-14 22:00:00,True,1
2020-06-15 02:00:00,True,1
2020-06-15 03:00:00,True,1
2020-06-15 13:00:00,True,1
2020-06-15 15:00:00,True,1
2020-06-15 18:00:00,True,4
2020-06-15 23:00:00,True,1
2020-06-16 10:00:00,True,1
2020-06-16 17:00:00,True,1
2020-06-16 21:00:00,True,1
2020-06-16 20:00:00,True,1
2020-06-16 22:00:00,True,2
2020-06-17 12:00:00,True,1
2020-06-17 17:00:00,True,1
2020-06-18 00:00:00,True,1
2020-06-18 14:00:00,True,1
2020-06-18 16:00:00,True,2
2020-06-18 17:00:00,True,1
2020-06-19 13:00:00,True,1
2020-06-19 15:00:00,True,1
2020-06-19 17:00:00,True,1
2020-06-19 19:00:00,True,1
2020-06-19 21:00:00,True,1
2020-06-19 23:00:00,True,1
2020-06-20 14:00:00,True,1
2020-06-20 13:00:00,True,1
2020-06-20 15:00:00,True,1
2020-06-20 21:00:00,True,1
2020-06-20 22:00:00,True,1
2020-06-20 23:00:00,True,1
2020-06-21 03:00:00,True,2
2020-06-21 15:00:00,True,2
2020-06-22 00:00:00,True,1
2020-06-22 03:00:00,True,1
2020-06-22 14:00:00,True,1
2020-06-22 18:00:00,True,1
2020-06-22 21:00:00,True,1
2020-06-22 23:00:00,True,1
2020-06-22 22:00:00,True,1
2020-06-23 00:00:00,True,1
2020-06-23 04:00:00,True,1
2020-06-23 11:00:00,True,2
2020-06-23 13:00:00,True,2
2020-06-23 15:00:00,True,1
2020-06-23 16:00:00,True,2
2020-06-23 17:00:00,True,1
2020-06-23 19:00:00,True,2
2020-06-23 18:00:00,True,1
2020-06-23 21:00:00,True,2
2020-06-24 04:00:00,True,1
2020-06-24 07:00:00,True,1
2020-06-24 11:00:00,True,2
2020-06-24 16:00:00,True,1
2020-06-24 17:00:00,True,1
2020-06-24 19:00:00,True,1
2020-06-25 14:00:00,True,2
2020-06-25 15:00:00,True,1
2020-06-25 19:00:00,True,1
2020-06-26 05:00:00,True,1
2020-06-26 12:00:00,True,1
2020-06-26 13:00:00,True,1
2020-06-26 14:00:00,True,1
2020-06-26 18:00:00,True,1
2020-06-26 19:00:00,True,2
2020-06-26 21:00:00,True,1
2020-06-26 23:00:00,True,2
2020-06-27 03:00:00,True,1
2020-06-27 14:00:00,True,2
2020-06-27 15:00:00,True,1
2020-06-27 20:00:00,True,1
2020-06-27 21:00:00,True,1
2020-06-27 23:00:00,True,1
2020-06-28 01:00:00,True,1
2020-06-28 14:00:00,True,1
2020-06-28 16:00:00,True,1
2020-06-28 17:00:00,True,1
2020-06-28 21:00:00,True,1
2020-06-28 23:00:00,True,1
2020-06-29 09:00:00,True,1
2020-06-29 10:00:00,True,2
2020-06-29 11:00:00,True,1
2020-06-29 14:00:00,True,1
2020-06-29 16:00:00,True,1
2020-06-29 17:00:00,True,3
2020-06-29 21:00:00,True,1
2020-06-29 20:00:00,True,1
2020-06-29 22:00:00,True,2
2020-06-30 00:00:00,True,1
2020-06-30 02:00:00,True,1
2020-06-30 11:00:00,True,1
2020-06-30 14:00:00,True,3
2020-06-30 18:00:00,True,1
2020-06-30 19:00:00,True,1
2020-06-30 23:00:00,True,1
2020-07-01 10:00:00,True,2
2020-07-01 13:00:00,True,1
2020-07-01 14:00:00,True,1
2020-07-01 16:00:00,True,1
2020-07-01 17:00:00,True,1
2020-07-01 20:00:00,True,1
2020-07-01 23:00:00,True,1
2020-07-02 00:00:00,True,2
2020-07-02 13:00:00,True,1
2020-07-02 14:00:00,True,1
2020-07-02 18:00:00,True,3
2020-07-02 19:00:00,True,3
2020-07-03 02:00:00,True,1
2020-07-03 10:00:00,True,1
2020-07-03 13:00:00,True,1
2020-07-03 14:00:00,True,1
2020-07-03 17:00:00,True,1
2020-07-03 19:00:00,True,1
2020-07-04 00:00:00,True,1
2020-07-04 11:00:00,True,1
2020-07-04 13:00:00,True,1
2020-07-04 15:00:00,True,1
2020-07-04 22:00:00,True,1
2020-07-05 10:00:00,True,1
2020-07-05 14:00:00,True,1
2020-07-05 19:00:00,True,1
2020-07-05 21:00:00,True,1
2020-07-05 23:00:00,True,2
2020-07-06 01:00:00,True,1
2020-07-06 12:00:00,True,1
2020-07-06 14:00:00,True,2
2020-07-06 19:00:00,True,1
2020-07-06 22:00:00,True,1
2020-07-06 23:00:00,True,1
2020-07-07 05:00:00,True,1
2020-07-07 10:00:00,True,2
2020-07-07 11:00:00,True,1
2020-07-07 14:00:00,True,1
2020-07-07 15:00:00,True,1
2020-07-07 18:00:00,True,2
2020-07-07 19:00:00,True,2
2020-07-07 22:00:00,True,1
2020-07-07 23:00:00,True,2
2020-07-08 10:00:00,True,1
2020-07-08 13:00:00,True,1
2020-07-08 16:00:00,True,1
2020-07-08 20:00:00,True,1
2020-07-08 23:00:00,True,1
2020-07-09 06:00:00,True,1
2020-07-09 10:00:00,True,1
2020-07-09 12:00:00,True,1
2020-07-09 13:00:00,True,2
2020-07-09 16:00:00,True,1
2020-07-09 21:00:00,True,2
2020-07-10 01:00:00,True,1
2020-07-10 08:00:00,True,1
2020-07-10 17:00:00,True,1
2020-07-10 18:00:00,True,1
2020-07-10 19:00:00,True,1
2020-07-11 03:00:00,True,1
2020-07-11 11:00:00,True,1
2020-07-11 14:00:00,True,1
2020-07-12 01:00:00,True,2
2020-07-12 10:00:00,True,1
2020-07-12 23:00:00,True,1
2020-07-13 15:00:00,True,1
2020-07-13 16:00:00,True,1
2020-07-13 18:00:00,True,2
2020-07-13 21:00:00,True,1
2020-07-13 22:00:00,True,1
2020-07-14 09:00:00,True,1
2020-07-14 18:00:00,True,1
2020-07-14 20:00:00,True,2
2020-07-14 21:00:00,True,1
2020-07-14 23:00:00,True,1
2020-07-15 10:00:00,True,1
2020-07-15 12:00:00,True,1
2020-07-15 15:00:00,True,1
2020-07-15 17:00:00,True,2
2020-07-15 18:00:00,True,1
2020-07-15 19:00:00,True,1
2020-07-15 20:00:00,True,3
2020-07-15 21:00:00,True,3
2020-07-15 23:00:00,True,1
2020-07-16 04:00:00,True,1
2020-07-16 08:00:00,True,1
2020-07-16 09:00:00,True,1
2020-07-16 10:00:00,True,1
2020-07-16 15:00:00,True,2
2020-07-16 16:00:00,True,1
2020-07-16 19:00:00,True,1
2020-07-16 20:00:00,True,2
2020-07-17 01:00:00,True,1
2020-07-17 13:00:00,True,1
2020-07-17 19:00:00,True,1
2020-07-17 23:00:00,True,1
2020-07-18 00:00:00,True,1
2020-07-18 06:00:00,True,2
2020-07-18 07:00:00,True,1
2020-07-18 17:00:00,True,4
2020-07-18 18:00:00,True,4
2020-07-18 19:00:00,True,1
2020-07-19 17:00:00,True,1
2020-07-20 01:00:00,True,1
2020-07-20 08:00:00,True,1
2020-07-20 11:00:00,True,1
2020-07-20 15:00:00,True,3
2020-07-20 16:00:00,True,3
2020-07-20 20:00:00,True,1
2020-07-20 21:00:00,True,2
2020-07-20 23:00:00,True,1
2020-07-21 12:00:00,True,1
2020-07-21 16:00:00,True,1
2020-07-21 22:00:00,True,1
2020-07-21 23:00:00,True,1
2020-07-22 12:00:00,True,1
2020-07-22 15:00:00,True,1
2020-07-22 14:00:00,True,1
2020-07-22 16:00:00,True,1
2020-07-22 18:00:00,True,1
2020-07-22 23:00:00,True,1
2020-07-23 00:00:00,True,1
2020-07-23 14:00:00,True,1
2020-07-23 16:00:00,True,2
2020-07-23 15:00:00,True,1
2020-07-24 04:00:00,True,2
2020-07-24 09:00:00,True,1
2020-07-24 12:00:00,True,1
2020-07-24 13:00:00,True,1
2020-07-24 14:00:00,True,1
2020-07-24 16:00:00,True,1
2020-07-24 19:00:00,True,2
2020-07-24 21:00:00,True,2
2020-07-25 01:00:00,True,1
2020-07-25 17:00:00,True,2
2020-07-25 22:00:00,True,1
2020-07-26 18:00:00,True,1
2020-07-26 20:00:00,True,1
2020-07-27 00:00:00,True,1
2020-07-27 01:00:00,True,1
2020-07-27 05:00:00,True,1
2020-07-27 12:00:00,True,1
2020-07-27 11:00:00,True,1
2020-07-27 14:00:00,True,1
2020-07-27 17:00:00,True,1
2020-07-27 23:00:00,True,4
2020-07-28 00:00:00,True,4
2020-07-28 10:00:00,True,1
2020-07-28 11:00:00,True,1
2020-07-28 12:00:00,True,1
2020-07-28 15:00:00,True,1
2020-07-28 17:00:00,True,1
2020-07-28 19:00:00,True,1
2020-07-28 21:00:00,True,1
2020-07-28 22:00:00,True,1
2020-07-28 23:00:00,True,1
2020-07-29 01:00:00,True,1
2020-07-29 14:00:00,True,1
2020-07-29 15:00:00,True,1
2020-07-29 20:00:00,True,1
2020-07-30 00:00:00,True,1
2020-07-30 11:00:00,True,1
2020-07-30 14:00:00,True,1
2020-07-30 15:00:00,True,2
2020-07-30 17:00:00,True,2
2020-07-30 20:00:00,True,1
2020-07-30 22:00:00,True,1
2020-07-31 01:00:00,True,1
2020-07-31 02:00:00,True,1
2020-07-31 10:00:00,True,1
2020-07-31 14:00:00,True,1
2020-07-31 15:00:00,True,1
2020-07-31 16:00:00,True,2
2020-07-31 17:00:00,True,1
2020-07-31 21:00:00,True,1
2020-07-31 22:00:00,True,1
2020-08-01 00:00:00,True,1
2020-08-01 14:00:00,True,1
2020-08-01 15:00:00,True,2
2020-08-01 17:00:00,True,1
2020-08-01 19:00:00,True,2
2020-08-01 22:00:00,True,1
2020-08-02 14:00:00,True,1
2020-08-02 21:00:00,True,1
2020-08-03 09:00:00,True,1
2020-08-03 15:00:00,True,1
2020-08-03 17:00:00,True,1
2020-08-04 09:00:00,True,1
2020-08-04 17:00:00,True,1
2020-08-04 19:00:00,True,1
2020-08-04 21:00:00,True,1
2020-08-04 22:00:00,True,1
2020-08-05 03:00:00,True,1
2020-08-05 11:00:00,True,1
2020-08-05 14:00:00,True,1
2020-08-05 16:00:00,True,2
2020-08-05 19:00:00,True,1
2020-08-05 20:00:00,True,2
2020-08-05 23:00:00,True,1
2020-08-06 14:00:00,True,1
2020-08-06 16:00:00,True,1
2020-08-06 17:00:00,True,1
2020-08-06 20:00:00,True,1
2020-08-06 21:00:00,True,2
2020-08-06 22:00:00,True,1
2020-08-07 03:00:00,True,1
2020-08-07 10:00:00,True,1
2020-08-07 13:00:00,True,1
2020-08-07 15:00:00,True,1
2020-08-07 16:00:00,True,1
2020-08-07 17:00:00,True,1
2020-08-07 22:00:00,True,1
2020-08-08 00:00:00,True,1
2020-08-08 02:00:00,True,1
2020-08-08 04:00:00,True,2
2020-08-08 21:00:00,True,2
2020-08-09 15:00:00,True,1
2020-08-09 16:00:00,True,1
2020-08-09 23:00:00,True,1
2020-08-10 02:00:00,True,1
2020-08-10 03:00:00,True,1
2020-08-10 20:00:00,True,1
2020-08-10 23:00:00,True,1
2020-08-11 03:00:00,True,1
2020-08-11 15:00:00,True,1
2020-08-11 17:00:00,True,1
2020-08-11 18:00:00,True,1
2020-08-11 21:00:00,True,1
2020-08-12 16:00:00,True,1
2020-08-12 17:00:00,True,1
2020-08-12 22:00:00,True,1
2020-08-13 00:00:00,True,1
2020-08-13 01:00:00,True,1
2020-08-13 03:00:00,True,1
2020-08-13 15:00:00,True,1
2020-08-13 17:00:00,True,1
2020-08-13 21:00:00,True,2
2020-08-14 00:00:00,True,1
2020-08-14 04:00:00,True,1
2020-08-14 21:00:00,True,1
2020-08-15 16:00:00,True,1
2020-08-15 22:00:00,True,1
2020-08-16 18:00:00,True,1
2020-08-17 07:00:00,True,1
2020-08-17 17:00:00,True,1
2020-08-17 19:00:00,True,1
2020-08-17 21:00:00,True,1
2020-08-18 13:00:00,True,1
2020-08-18 22:00:00,True,1
2020-08-19 10:00:00,True,1
2020-08-19 13:00:00,True,1
2020-08-19 14:00:00,True,2
2020-08-19 17:00:00,True,1
2020-08-19 22:00:00,True,1
2020-08-20 00:00:00,True,1
2020-08-20 13:00:00,True,1
2020-08-21 13:00:00,True,1
2020-08-21 17:00:00,True,1
2020-08-23 03:00:00,True,1
2020-08-24 02:00:00,True,1
2020-08-24 03:00:00,True,2
2020-08-24 05:00:00,True,1
2020-08-24 12:00:00,True,2
2020-08-24 18:00:00,True,1
2020-08-25 03:00:00,True,1
2020-08-25 09:00:00,True,1
2020-08-25 14:00:00,True,1
2020-08-25 15:00:00,True,1
2020-08-26 13:00:00,True,1
2020-08-26 20:00:00,True,1
2020-08-26 22:00:00,True,1
2020-08-26 23:00:00,True,1
2020-08-27 15:00:00,True,1
2020-08-27 16:00:00,True,1
2020-08-27 18:00:00,True,2
2020-08-27 22:00:00,True,1
2020-08-28 06:00:00,True,1
2020-08-28 15:00:00,True,1
2020-08-28 20:00:00,True,1
2020-08-29 02:00:00,True,1
2020-08-29 18:00:00,True,1
2020-08-29 20:00:00,True,1
2020-08-29 21:00:00,True,1
2020-08-30 04:00:00,True,1
2020-08-30 08:00:00,True,1
2020-08-30 23:00:00,True,1
2020-08-31 15:00:00,True,1
2020-08-31 16:00:00,True,1
2020-08-31 18:00:00,True,2
2020-08-31 22:00:00,True,2
2020-08-31 23:00:00,True,2
2020-09-01 03:00:00,True,2
2020-09-01 10:00:00,True,1
2020-09-01 11:00:00,True,1
2020-09-01 13:00:00,True,1
2020-09-01 20:00:00,True,1
2020-09-02 07:00:00,True,1
2020-09-02 10:00:00,True,1
2020-09-02 13:00:00,True,1
2020-09-02 15:00:00,True,1
2020-09-02 16:00:00,True,1
2020-09-02 17:00:00,True,1
2020-09-02 21:00:00,True,1
2020-09-02 22:00:00,True,3
2020-09-03 01:00:00,True,1
2020-09-03 03:00:00,True,1
2020-09-03 12:00:00,True,3
2020-09-03 15:00:00,True,1
2020-09-03 17:00:00,True,2
2020-09-03 20:00:00,True,2
2020-09-03 21:00:00,True,1
2020-09-04 00:00:00,True,1
2020-09-04 17:00:00,True,1
2020-09-04 21:00:00,True,1
2020-09-04 23:00:00,True,2
2020-09-05 03:00:00,True,1
2020-09-05 05:00:00,True,2
2020-09-05 13:00:00,True,1
2020-09-06 00:00:00,True,1
2020-09-06 02:00:00,True,1
2020-09-06 04:00:00,True,1
2020-09-06 17:00:00,True,2
2020-09-07 11:00:00,True,1
2020-09-07 13:00:00,True,1
2020-09-07 14:00:00,True,1
2020-09-07 17:00:00,True,1
2020-09-07 20:00:00,True,2
2020-09-07 22:00:00,True,1
2020-09-08 13:00:00,True,3
2020-09-08 14:00:00,True,3
2020-09-08 20:00:00,True,2
2020-09-08 21:00:00,True,2
2020-09-08 22:00:00,True,3
2020-09-09 00:00:00,True,3
2020-09-08 23:00:00,True,1
2020-09-09 15:00:00,True,1
2020-09-09 17:00:00,True,2
2020-09-10 14:00:00,True,1
2020-09-10 16:00:00,True,3
2020-09-10 18:00:00,True,1
2020-09-10 20:00:00,True,2
2020-09-10 19:00:00,True,1
2020-09-10 23:00:00,True,1
2020-09-11 07:00:00,True,1
2020-09-11 10:00:00,True,2
2020-09-11 12:00:00,True,2
2020-09-11 13:00:00,True,1
2020-09-11 14:00:00,True,2
2020-09-11 16:00:00,True,1
2020-09-11 20:00:00,True,1
2020-09-12 04:00:00,True,1
2020-09-12 15:00:00,True,2
2020-09-12 20:00:00,True,1
2020-09-12 21:00:00,True,1
2020-09-12 22:00:00,True,1
2020-09-13 00:00:00,True,1
2020-09-13 03:00:00,True,1
2020-09-13 13:00:00,True,1
2020-09-13 22:00:00,True,1
2020-09-13 23:00:00,True,1
2020-09-14 12:00:00,True,1
2020-09-14 15:00:00,True,1
2020-09-14 21:00:00,True,1
2020-09-14 23:00:00,True,1
2020-09-15 04:00:00,True,1
2020-09-15 10:00:00,True,2
2020-09-15 13:00:00,True,2
2020-09-15 14:00:00,True,1
2020-09-15 15:00:00,True,1
2020-09-15 16:00:00,True,2
2020-09-15 19:00:00,True,1
2020-09-15 21:00:00,True,1
2020-09-15 23:00:00,True,1
2020-09-16 00:00:00,True,1
2020-09-16 12:00:00,True,1
2020-09-16 11:00:00,True,1
2020-09-16 14:00:00,True,1
2020-09-16 13:00:00,True,1
2020-09-16 15:00:00,True,1
2020-09-16 18:00:00,True,1
2020-09-16 20:00:00,True,2
2020-09-16 22:00:00,True,1
2020-09-17 11:00:00,True,1
2020-09-17 12:00:00,True,1
2020-09-17 15:00:00,True,1
2020-09-17 17:00:00,True,2
2020-09-17 19:00:00,True,3
2020-09-17 23:00:00,True,1
2020-09-18 00:00:00,True,1
2020-09-18 01:00:00,True,3
2020-09-18 06:00:00,True,1
2020-09-18 09:00:00,True,1
2020-09-18 10:00:00,True,1
2020-09-18 12:00:00,True,1
2020-09-18 11:00:00,True,1
2020-09-18 13:00:00,True,1
2020-09-18 15:00:00,True,2
2020-09-18 17:00:00,True,1
2020-09-18 23:00:00,True,1
2020-09-19 00:00:00,True,1
2020-09-19 04:00:00,True,1
2020-09-19 16:00:00,True,1
2020-09-19 18:00:00,True,1
2020-09-20 05:00:00,True,1
2020-09-20 21:00:00,True,1
2020-09-21 03:00:00,True,1
2020-09-21 10:00:00,True,1
2020-09-21 14:00:00,True,1
2020-09-21 15:00:00,True,1
2020-09-21 16:00:00,True,1
2020-09-21 18:00:00,True,1
2020-09-21 20:00:00,True,1
2020-09-22 04:00:00,True,1
2020-09-22 10:00:00,True,1
2020-09-22 14:00:00,True,2
2020-09-22 15:00:00,True,2
2020-09-22 17:00:00,True,1
2020-09-22 19:00:00,True,3
2020-09-22 18:00:00,True,2
2020-09-22 21:00:00,True,2
2020-09-22 22:00:00,True,2
2020-09-23 15:00:00,True,1
2020-09-23 16:00:00,True,2
2020-09-23 17:00:00,True,1
2020-09-23 18:00:00,True,2
2020-09-23 19:00:00,True,3
2020-09-23 23:00:00,True,2
2020-09-24 02:00:00,True,1
2020-09-24 17:00:00,True,1
2020-09-24 18:00:00,True,1
2020-09-24 22:00:00,True,1
2020-09-25 03:00:00,True,2
2020-09-25 11:00:00,True,1
2020-09-25 13:00:00,True,1
2020-09-25 16:00:00,True,1
2020-09-25 20:00:00,True,2
2020-09-25 21:00:00,True,1
2020-09-25 23:00:00,True,1
2020-09-26 02:00:00,True,1
2020-09-26 03:00:00,True,2
2020-09-26 04:00:00,True,1
2020-09-26 05:00:00,True,1
2020-09-26 12:00:00,True,1
2020-09-26 14:00:00,True,1
2020-09-26 19:00:00,True,1
2020-09-26 20:00:00,True,1
2020-09-26 21:00:00,True,1
2020-09-26 22:00:00,True,1
2020-09-27 01:00:00,True,1
2020-09-27 04:00:00,True,2
2020-09-27 06:00:00,True,1
2020-09-27 10:00:00,True,1
2020-09-27 18:00:00,True,1
2020-09-27 20:00:00,True,2
2020-09-28 11:00:00,True,3
2020-09-28 12:00:00,True,3
2020-09-28 13:00:00,True,3
2020-09-28 16:00:00,True,1
2020-09-28 18:00:00,True,2
2020-09-28 19:00:00,True,1
2020-09-28 21:00:00,True,1
2020-09-28 23:00:00,True,2
2020-09-29 13:00:00,True,1
2020-09-29 15:00:00,True,1
2020-09-29 16:00:00,True,1
2020-09-29 17:00:00,True,1
2020-09-29 18:00:00,True,1
2020-09-29 20:00:00,True,1
2020-09-29 21:00:00,True,1
2020-09-29 22:00:00,True,2
2020-09-29 23:00:00,True,2
2020-09-30 01:00:00,True,1
2020-09-30 15:00:00,True,1
2020-09-30 17:00:00,True,1
2020-09-30 18:00:00,True,3
2020-09-30 22:00:00,True,1
2020-10-01 00:00:00,True,1
2020-10-01 01:00:00,True,1
2020-10-01 10:00:00,True,1
2020-10-01 12:00:00,True,1
2020-10-01 13:00:00,True,1
2020-10-01 14:00:00,True,1
2020-10-01 15:00:00,True,1
2020-10-01 19:00:00,True,1
2020-10-01 21:00:00,True,3
2020-10-01 20:00:00,True,1
2020-10-02 01:00:00,True,1
2020-10-02 12:00:00,True,1
2020-10-02 13:00:00,True,2
2020-10-02 14:00:00,True,1
2020-10-02 15:00:00,True,2
2020-10-02 17:00:00,True,4
2020-10-02 18:00:00,True,4
2020-10-02 19:00:00,True,1
2020-10-02 20:00:00,True,1
2020-10-02 21:00:00,True,1
2020-10-02 22:00:00,True,1
2020-10-03 00:00:00,True,1
2020-10-03 01:00:00,True,2
2020-10-03 02:00:00,True,1
2020-10-03 09:00:00,True,1
2020-10-03 16:00:00,True,1
2020-10-03 19:00:00,True,1
2020-10-03 22:00:00,True,1
2020-10-04 01:00:00,True,1
2020-10-04 03:00:00,True,1
2020-10-04 06:00:00,True,1
2020-10-04 22:00:00,True,1
2020-10-05 01:00:00,True,2
2020-10-05 12:00:00,True,1
2020-10-05 13:00:00,True,1
2020-10-05 14:00:00,True,1
2020-10-05 15:00:00,True,3
2020-10-05 17:00:00,True,1
2020-10-05 18:00:00,True,1
2020-10-05 20:00:00,True,2
2020-10-06 10:00:00,True,2
2020-10-06 12:00:00,True,1
2020-10-06 14:00:00,True,1
2020-10-06 16:00:00,True,1
2020-10-06 18:00:00,True,1
2020-10-06 20:00:00,True,1
2020-10-06 21:00:00,True,1
2020-10-06 22:00:00,True,1
2020-10-07 09:00:00,True,1
2020-10-07 12:00:00,True,1
2020-10-07 14:00:00,True,1
2020-10-07 17:00:00,True,1
2020-10-07 19:00:00,True,1
2020-10-07 18:00:00,True,1
2020-10-07 21:00:00,True,1
2020-10-08 02:00:00,True,1
2020-10-08 13:00:00,True,1
2020-10-08 19:00:00,True,1
2020-10-08 18:00:00,True,1
2020-10-08 20:00:00,True,2
2020-10-09 17:00:00,True,1
2020-10-09 20:00:00,True,1
2020-10-09 21:00:00,True,2
2020-10-10 00:00:00,True,1
2020-10-10 02:00:00,True,1
2020-10-10 01:00:00,True,2
2020-10-10 08:00:00,True,1
2020-10-10 14:00:00,True,1
2020-10-11 01:00:00,True,1
2020-10-11 03:00:00,True,1
2020-10-11 14:00:00,True,1
2020-10-11 16:00:00,True,1
2020-10-11 20:00:00,True,1
2020-10-12 00:00:00,True,1
2020-10-12 03:00:00,True,1
2020-10-12 12:00:00,True,1
2020-10-12 13:00:00,True,1
2020-10-12 16:00:00,True,2
2020-10-12 19:00:00,True,1
2020-10-13 17:00:00,True,1
2020-10-13 18:00:00,True,1
2020-10-13 19:00:00,True,2
2020-10-13 22:00:00,True,1
2020-10-13 23:00:00,True,1
2020-10-14 10:00:00,True,1
2020-10-14 13:00:00,True,1
2020-10-14 14:00:00,True,1
2020-10-14 16:00:00,True,1
2020-10-14 21:00:00,True,1
2020-10-14 23:00:00,True,3
2020-10-15 11:00:00,True,1
2020-10-15 16:00:00,True,1
2020-10-15 17:00:00,True,1
2020-10-15 19:00:00,True,1
2020-10-15 20:00:00,True,1
2020-10-15 21:00:00,True,3
2020-10-15 23:00:00,True,1
2020-10-16 07:00:00,True,1
2020-10-16 12:00:00,True,1
2020-10-16 14:00:00,True,2
2020-10-16 16:00:00,True,3
2020-10-16 23:00:00,True,1
2020-10-17 03:00:00,True,1
2020-10-17 10:00:00,True,1
2020-10-17 18:00:00,True,3
2020-10-17 22:00:00,True,1
2020-10-18 02:00:00,True,2
2020-10-18 14:00:00,True,1
2020-10-18 13:00:00,True,1
2020-10-18 18:00:00,True,1
2020-10-18 20:00:00,True,1
2020-10-18 23:00:00,True,1
2020-10-19 00:00:00,True,1
2020-10-19 01:00:00,True,1
2020-10-19 02:00:00,True,1
2020-10-19 09:00:00,True,1
2020-10-19 11:00:00,True,1
2020-10-19 15:00:00,True,1
2020-10-19 19:00:00,True,1
2020-10-19 22:00:00,True,2
2020-10-20 00:00:00,True,1
2020-10-20 10:00:00,True,1
2020-10-20 15:00:00,True,1
2020-10-20 17:00:00,True,1
2020-10-20 18:00:00,True,1
2020-10-20 19:00:00,True,1
2020-10-20 21:00:00,True,1
2020-10-21 01:00:00,True,1
2020-10-21 11:00:00,True,1
2020-10-21 15:00:00,True,1
2020-10-21 16:00:00,True,1
2020-10-21 20:00:00,True,1
2020-10-21 21:00:00,True,1
2020-10-22 09:00:00,True,1
2020-10-22 11:00:00,True,1
2020-10-22 12:00:00,True,1
2020-10-22 14:00:00,True,1
2020-10-22 15:00:00,True,1
2020-10-22 19:00:00,True,2
2020-10-22 21:00:00,True,1
2020-10-22 22:00:00,True,2
2020-10-22 23:00:00,True,1
2020-10-23 01:00:00,True,3
2020-10-23 08:00:00,True,2
2020-10-23 10:00:00,True,1
2020-10-23 12:00:00,True,1
2020-10-23 14:00:00,True,1
2020-10-23 15:00:00,True,2
2020-10-23 16:00:00,True,1
2020-10-23 20:00:00,True,3
2020-10-23 21:00:00,True,3
2020-10-23 22:00:00,True,3
2020-10-23 23:00:00,True,3
2020-10-24 00:00:00,True,1
2020-10-24 14:00:00,True,1
2020-10-24 15:00:00,True,2
2020-10-24 16:00:00,True,1
2020-10-24 17:00:00,True,1
2020-10-24 21:00:00,True,1
2020-10-24 20:00:00,True,1
2020-10-24 23:00:00,True,1
2020-10-25 00:00:00,True,1
2020-10-25 03:00:00,True,1
2020-10-25 02:00:00,True,1
2020-10-25 15:00:00,True,1
2020-10-25 17:00:00,True,1
2020-10-25 19:00:00,True,1
2020-10-25 20:00:00,True,1
2020-10-25 22:00:00,True,3
2020-10-25 23:00:00,True,3
2020-10-26 00:00:00,True,1
2020-10-26 12:00:00,True,1
2020-10-26 15:00:00,True,1
2020-10-26 20:00:00,True,1
2020-10-26 23:00:00,True,1
2020-10-27 01:00:00,True,3
2020-10-27 13:00:00,True,1
2020-10-27 19:00:00,True,1
2020-10-27 20:00:00,True,3
2020-10-28 00:00:00,True,1
2020-10-28 14:00:00,True,2
2020-10-28 16:00:00,True,2
2020-10-28 18:00:00,True,1
2020-10-28 20:00:00,True,1
2020-10-28 19:00:00,True,1
2020-10-28 21:00:00,True,1
2020-10-28 22:00:00,True,1
2020-10-29 14:00:00,True,1
2020-10-29 15:00:00,True,1
2020-10-29 18:00:00,True,4
2020-10-29 17:00:00,True,4
2020-10-29 19:00:00,True,1
2020-10-29 20:00:00,True,2
2020-10-29 22:00:00,True,1
2020-10-29 23:00:00,True,1
2020-10-30 01:00:00,True,1
2020-10-30 11:00:00,True,1
2020-10-30 12:00:00,True,1
2020-10-30 14:00:00,True,1
2020-10-30 15:00:00,True,1
2020-10-30 16:00:00,True,1
2020-10-30 17:00:00,True,2
2020-10-30 18:00:00,True,1
2020-10-30 19:00:00,True,1
2020-10-30 21:00:00,True,1
2020-10-31 02:00:00,True,1
2020-10-31 03:00:00,True,1
2020-10-31 23:00:00,True,1
2020-11-01 01:00:00,True,2
2020-11-01 14:00:00,True,2
2020-11-01 19:00:00,True,1
2020-11-01 22:00:00,True,1
2020-11-02 00:00:00,True,1
2020-11-02 17:00:00,True,1
2020-11-02 18:00:00,True,1
2020-11-02 20:00:00,True,1
2020-11-03 11:00:00,True,1
2020-11-03 12:00:00,True,2
2020-11-03 13:00:00,True,2
2020-11-03 15:00:00,True,1
2020-11-03 16:00:00,True,1
2020-11-03 21:00:00,True,1
2020-11-04 03:00:00,True,1
2020-11-04 08:00:00,True,1
2020-11-04 12:00:00,True,1
2020-11-04 15:00:00,True,1
2020-11-04 17:00:00,True,1
2020-11-04 18:00:00,True,2
2020-11-04 20:00:00,True,1
2020-11-04 21:00:00,True,1
2020-11-05 04:00:00,True,1
2020-11-05 12:00:00,True,1
2020-11-05 13:00:00,True,2
2020-11-05 17:00:00,True,3
2020-11-05 18:00:00,True,3
2020-11-05 19:00:00,True,2
2020-11-05 21:00:00,True,1
2020-11-05 22:00:00,True,1
2020-11-06 11:00:00,True,1
2020-11-06 14:00:00,True,1
2020-11-06 17:00:00,True,1
2020-11-06 19:00:00,True,1
2020-11-06 20:00:00,True,1
2020-11-06 23:00:00,True,2
2020-11-07 01:00:00,True,1
2020-11-07 04:00:00,True,1
2020-11-07 16:00:00,True,1
2020-11-07 18:00:00,True,1
2020-11-07 20:00:00,True,1
2020-11-07 22:00:00,True,2
2020-11-07 23:00:00,True,1
2020-11-08 01:00:00,True,1
2020-11-08 16:00:00,True,2
2020-11-09 01:00:00,True,1
2020-11-09 13:00:00,True,1
2020-11-09 14:00:00,True,1
2020-11-10 15:00:00,True,1
2020-11-10 17:00:00,True,2
2020-11-10 18:00:00,True,1
2020-11-10 20:00:00,True,1
2020-11-10 19:00:00,True,1
2020-11-10 21:00:00,True,2
2020-11-10 22:00:00,True,1
2020-11-11 09:00:00,True,1
2020-11-11 11:00:00,True,2
2020-11-11 14:00:00,True,1
2020-11-11 17:00:00,True,3
2020-11-11 18:00:00,True,3
2020-11-11 22:00:00,True,3
2020-11-12 03:00:00,True,1
2020-11-12 17:00:00,True,2
2020-11-12 18:00:00,True,1
2020-11-12 19:00:00,True,1
2020-11-12 21:00:00,True,1
2020-11-12 22:00:00,True,1
2020-11-13 00:00:00,True,1
2020-11-13 01:00:00,True,1
2020-11-13 02:00:00,True,1
2020-11-13 10:00:00,True,1
2020-11-13 11:00:00,True,1
2020-11-13 13:00:00,True,1
2020-11-13 14:00:00,True,1
2020-11-13 22:00:00,True,3
2020-11-13 23:00:00,True,3
2020-11-14 01:00:00,True,1
2020-11-14 02:00:00,True,1
2020-11-14 03:00:00,True,1
2020-11-14 10:00:00,True,1
2020-11-14 15:00:00,True,1
2020-11-14 17:00:00,True,1
2020-11-14 21:00:00,True,1
2020-11-15 01:00:00,True,1
2020-11-15 04:00:00,True,1
2020-11-16 01:00:00,True,1
2020-11-16 03:00:00,True,1
2020-11-16 11:00:00,True,1
2020-11-16 14:00:00,True,2
2020-11-16 17:00:00,True,2
2020-11-16 19:00:00,True,1
2020-11-17 10:00:00,True,2
2020-11-17 15:00:00,True,1
2020-11-17 16:00:00,True,1
2020-11-17 17:00:00,True,1
2020-11-17 18:00:00,True,1
2020-11-17 20:00:00,True,2
2020-11-18 00:00:00,True,2
2020-11-18 01:00:00,True,1
2020-11-18 02:00:00,True,1
2020-11-18 12:00:00,True,1
2020-11-18 14:00:00,True,1
2020-11-18 17:00:00,True,2
2020-11-18 18:00:00,True,2
2020-11-18 19:00:00,True,2
2020-11-18 20:00:00,True,2
2020-11-18 22:00:00,True,2
2020-11-19 00:00:00,True,1
2020-11-18 23:00:00,True,1
2020-11-19 02:00:00,True,1
2020-11-19 08:00:00,True,1
2020-11-19 11:00:00,True,1
2020-11-19 13:00:00,True,1
2020-11-19 14:00:00,True,1
2020-11-19 16:00:00,True,2
2020-11-19 17:00:00,True,1
2020-11-19 18:00:00,True,1
2020-11-19 19:00:00,True,1
2020-11-19 21:00:00,True,1
2020-11-19 22:00:00,True,1
2020-11-20 10:00:00,True,2
2020-11-20 11:00:00,True,1
2020-11-20 15:00:00,True,2
2020-11-20 16:00:00,True,2
2020-11-20 17:00:00,True,2
2020-11-20 18:00:00,True,1
2020-11-20 20:00:00,True,3
2020-11-20 22:00:00,True,3
2020-11-20 23:00:00,True,3
2020-11-21 01:00:00,True,1
2020-11-21 14:00:00,True,1
2020-11-21 17:00:00,True,1
2020-11-22 01:00:00,True,1
2020-11-22 14:00:00,True,1
2020-11-22 15:00:00,True,1
2020-11-23 00:00:00,True,1
2020-11-23 11:00:00,True,1
2020-11-23 13:00:00,True,2
2020-11-23 12:00:00,True,1
2020-11-23 15:00:00,True,1
2020-11-23 16:00:00,True,1
2020-11-23 17:00:00,True,1
2020-11-23 21:00:00,True,1
2020-11-24 00:00:00,True,2
2020-11-24 10:00:00,True,1
2020-11-24 11:00:00,True,1
2020-11-24 12:00:00,True,1
2020-11-24 15:00:00,True,1
2020-11-24 16:00:00,True,1
2020-11-24 18:00:00,True,1
2020-11-24 23:00:00,True,1
2020-11-25 02:00:00,True,1
2020-11-25 09:00:00,True,1
2020-11-25 11:00:00,True,1
2020-11-25 16:00:00,True,2
2020-11-25 17:00:00,True,1
2020-11-25 19:00:00,True,2
2020-11-25 22:00:00,True,1
2020-11-26 00:00:00,True,1
2020-11-26 02:00:00,True,1
2020-11-26 10:00:00,True,1
2020-11-26 11:00:00,True,1
2020-11-26 16:00:00,True,1
2020-11-26 17:00:00,True,2
2020-11-26 20:00:00,True,1
2020-11-26 21:00:00,True,2
2020-11-26 22:00:00,True,1
2020-11-26 23:00:00,True,1
2020-11-27 08:00:00,True,1
2020-11-27 11:00:00,True,1
2020-11-27 13:00:00,True,1
2020-11-27 17:00:00,True,1
2020-11-27 20:00:00,True,2
2020-11-27 21:00:00,True,3
2020-11-28 01:00:00,True,1
2020-11-28 03:00:00,True,1
2020-11-28 02:00:00,True,3
2020-11-28 15:00:00,True,3
2020-11-28 18:00:00,True,1
2020-11-28 21:00:00,True,1
2020-11-29 02:00:00,True,1
2020-11-29 16:00:00,True,1
2020-11-29 17:00:00,True,1
2020-11-29 19:00:00,True,1
2020-11-29 23:00:00,True,1
2020-11-30 10:00:00,True,2
2020-11-30 11:00:00,True,1
2020-11-30 16:00:00,True,2
2020-11-30 18:00:00,True,1
2020-11-30 20:00:00,True,1
2020-11-30 23:00:00,True,1
2020-12-01 12:00:00,True,1
2020-12-01 13:00:00,True,1
2020-12-01 14:00:00,True,2
2020-12-01 15:00:00,True,1
2020-12-01 16:00:00,True,1
2020-12-01 17:00:00,True,2
2020-12-01 19:00:00,True,2
2020-12-01 20:00:00,True,2
2020-12-01 21:00:00,True,1
2020-12-01 23:00:00,True,1
2020-12-02 09:00:00,True,1
2020-12-02 11:00:00,True,1
2020-12-02 16:00:00,True,2
2020-12-02 17:00:00,True,2
2020-12-02 21:00:00,True,1
2020-12-02 20:00:00,True,2
2020-12-02 22:00:00,True,1
2020-12-03 10:00:00,True,1
2020-12-03 16:00:00,True,2
2020-12-03 19:00:00,True,1
2020-12-03 21:00:00,True,3
2020-12-03 23:00:00,True,1
2020-12-04 01:00:00,True,1
2020-12-04 10:00:00,True,1
2020-12-04 11:00:00,True,1
2020-12-04 14:00:00,True,1
2020-12-04 17:00:00,True,1
2020-12-04 18:00:00,True,2
2020-12-04 19:00:00,True,2
2020-12-04 21:00:00,True,1
2020-12-04 22:00:00,True,1
2020-12-04 23:00:00,True,2
2020-12-05 01:00:00,True,1
2020-12-05 02:00:00,True,2
2020-12-05 06:00:00,True,1
2020-12-05 13:00:00,True,1
2020-12-05 15:00:00,True,1
2020-12-05 16:00:00,True,1
2020-12-05 20:00:00,True,1
2020-12-06 00:00:00,True,2
2020-12-06 01:00:00,True,1
2020-12-06 03:00:00,True,1
2020-12-06 02:00:00,True,1
2020-12-06 20:00:00,True,1
2020-12-06 21:00:00,True,1
2020-12-06 23:00:00,True,1
2020-12-07 00:00:00,True,1
2020-12-07 01:00:00,True,1
2020-12-07 14:00:00,True,1
2020-12-07 16:00:00,True,1
2020-12-07 18:00:00,True,2
2020-12-07 17:00:00,True,1
2020-12-07 22:00:00,True,1
2020-12-07 23:00:00,True,1
2020-12-08 00:00:00,True,1
2020-12-08 02:00:00,True,1
2020-12-08 13:00:00,True,1
2020-12-08 14:00:00,True,2
2020-12-09 11:00:00,True,1
2020-12-09 14:00:00,True,1
2020-12-09 15:00:00,True,2
2020-12-09 16:00:00,True,2
2020-12-09 18:00:00,True,1
2020-12-09 19:00:00,True,2
2020-12-09 22:00:00,True,3
2020-12-09 23:00:00,True,3
2020-12-10 00:00:00,True,1
2020-12-10 14:00:00,True,2
2020-12-10 15:00:00,True,1
2020-12-10 16:00:00,True,1
2020-12-10 17:00:00,True,1
2020-12-10 18:00:00,True,1
2020-12-11 01:00:00,True,1
2020-12-11 00:00:00,True,1
2020-12-11 03:00:00,True,2
2020-12-11 10:00:00,True,1
2020-12-11 11:00:00,True,2
2020-12-11 13:00:00,True,1
2020-12-11 14:00:00,True,2
2020-12-11 17:00:00,True,1
2020-12-11 20:00:00,True,1
2020-12-11 22:00:00,True,1
2020-12-11 23:00:00,True,1
2020-12-12 00:00:00,True,1
2020-12-12 02:00:00,True,1
2020-12-12 13:00:00,True,2
2020-12-12 18:00:00,True,2
2020-12-12 20:00:00,True,2
2020-12-13 00:00:00,True,1
2020-12-13 03:00:00,True,1
2020-12-13 13:00:00,True,1
2020-12-13 16:00:00,True,1
2020-12-13 17:00:00,True,1
2020-12-13 18:00:00,True,2
2020-12-13 20:00:00,True,2
2020-12-13 21:00:00,True,1
2020-12-14 11:00:00,True,1
2020-12-14 13:00:00,True,1
2020-12-14 20:00:00,True,1
2020-12-14 23:00:00,True,2
2020-12-15 08:00:00,True,1
2020-12-15 11:00:00,True,2
2020-12-15 12:00:00,True,1
2020-12-15 14:00:00,True,1
2020-12-15 13:00:00,True,1
2020-12-15 15:00:00,True,2
2020-12-15 16:00:00,True,2
2020-12-15 17:00:00,True,1
2020-12-15 18:00:00,True,2
2020-12-15 21:00:00,True,2
2020-12-15 20:00:00,True,1
2020-12-16 00:00:00,True,2
2020-12-16 11:00:00,True,1
2020-12-16 12:00:00,True,2
2020-12-16 13:00:00,True,1
2020-12-16 17:00:00,True,2
2020-12-16 18:00:00,True,2
2020-12-16 19:00:00,True,2
2020-12-16 21:00:00,True,1
2020-12-16 20:00:00,True,1
2020-12-16 22:00:00,True,1
2020-12-17 02:00:00,True,1
2020-12-17 11:00:00,True,2
2020-12-17 12:00:00,True,1
2020-12-17 14:00:00,True,2
2020-12-17 21:00:00,True,1
2020-12-17 20:00:00,True,1
2020-12-17 22:00:00,True,1
2020-12-18 06:00:00,True,1
2020-12-18 10:00:00,True,1
2020-12-18 11:00:00,True,2
2020-12-18 12:00:00,True,1
2020-12-18 17:00:00,True,1
2020-12-18 19:00:00,True,2
2020-12-18 20:00:00,True,3
2020-12-18 23:00:00,True,1
2020-12-19 01:00:00,True,1
2020-12-19 04:00:00,True,1
2020-12-19 09:00:00,True,1
2020-12-19 13:00:00,True,1
2020-12-19 15:00:00,True,1
2020-12-19 16:00:00,True,1
2020-12-19 17:00:00,True,1
2020-12-19 20:00:00,True,1
2020-12-20 00:00:00,True,1
2020-12-19 23:00:00,True,1
2020-12-20 01:00:00,True,1
2020-12-20 02:00:00,True,3
2020-12-20 15:00:00,True,2
2020-12-20 19:00:00,True,1
2020-12-21 01:00:00,True,2
2020-12-21 06:00:00,True,1
2020-12-21 11:00:00,True,3
2020-12-21 10:00:00,True,3
2020-12-21 12:00:00,True,1
2020-12-21 18:00:00,True,1
2020-12-21 19:00:00,True,2
2020-12-21 20:00:00,True,1
2020-12-21 21:00:00,True,1
2020-12-21 22:00:00,True,4
2020-12-21 23:00:00,True,4
2020-12-22 00:00:00,True,1
2020-12-22 10:00:00,True,2
2020-12-22 20:00:00,True,2
2020-12-22 21:00:00,True,1
2020-12-22 23:00:00,True,1
2020-12-23 01:00:00,True,2
2020-12-23 02:00:00,True,1
2020-12-23 06:00:00,True,1
2020-12-23 12:00:00,True,1
2020-12-23 14:00:00,True,1
2020-12-23 16:00:00,True,3
2020-12-24 01:00:00,True,1
2020-12-24 07:00:00,True,1
2020-12-24 20:00:00,True,2
2020-12-24 21:00:00,True,2
2020-12-24 23:00:00,True,1
2020-12-24 22:00:00,True,1
2020-12-25 02:00:00,True,1
2020-12-25 08:00:00,True,1
2020-12-25 17:00:00,True,1
2020-12-26 03:00:00,True,1
2020-12-26 15:00:00,True,1
2020-12-26 17:00:00,True,1
2020-12-27 01:00:00,True,1
2020-12-27 16:00:00,True,1
2020-12-27 22:00:00,True,1
2020-12-28 01:00:00,True,1
2020-12-28 02:00:00,True,1
2020-12-28 10:00:00,True,1
2020-12-28 14:00:00,True,1
2020-12-28 16:00:00,True,1
2020-12-28 19:00:00,True,1
2020-12-29 02:00:00,True,1
2020-12-29 16:00:00,True,1
2020-12-29 19:00:00,True,1
2020-12-29 20:00:00,True,1
2020-12-29 22:00:00,True,1
2020-12-30 01:00:00,True,2
2020-12-30 02:00:00,True,2
2020-12-30 05:00:00,True,1
2020-12-30 04:00:00,True,1
2020-12-30 08:00:00,True,1
2020-12-30 15:00:00,True,1
2020-12-30 16:00:00,True,1
2020-12-30 19:00:00,True,1
2020-12-30 22:00:00,True,1
2020-12-30 23:00:00,True,1
2020-12-31 03:00:00,True,1
2020-12-31 12:00:00,True,1
2020-12-31 13:00:00,True,2
2020-12-31 15:00:00,True,1
2020-12-31 16:00:00,True,1
2020-12-31 17:00:00,True,2
2020-12-31 19:00:00,True,3
2020-12-31 21:00:00,True,2
2020-12-31 23:00:00,True,2
