fecha_informe,Ajalvir,Alameda del Valle,Alcalá de Henares,Alcobendas,Alcorcón,Aldea del Fresno,Algete,Alpedrete,Ambite,Anchuelo,Aranjuez,Arganda del Rey,Arroyomolinos,Batres,Becerril de la Sierra,Belmonte de Tajo,Berzosa del Lozoya,Boadilla del Monte,Braojos,Brea de Tajo,Brunete,Buitrago del Lozoya,Bustarviejo,Cabanillas de la Sierra,Cadalso de los Vidrios,Camarma de Esteruelas,Campo Real,Canencia,Carabaña,Casarrubuelos,Cenicientos,Cercedilla,Cervera de Buitrago,Chapinería,Chinchón,Ciempozuelos,Cobeña,Collado Mediano,Collado Villalba,Colmenar Viejo,Colmenar de Oreja,Colmenar del Arroyo,Colmenarejo,Corpa,Coslada,Cubas de la Sagra,Daganzo de Arriba,El Atazar,El Berrueco,El Boalo,El Escorial,El Molar,El Vellón,El Álamo,Estremera,Fresnedillas de la Oliva,Fresno de Torote,Fuenlabrada,Fuente el Saz de Jarama,Fuentidueña de Tajo,Galapagar,Garganta de los Montes,Gargantilla del Lozoya y Pinilla de Buitrago,Gascones,Getafe,Griñón,Guadalix de la Sierra,Guadarrama,Horcajo de la Sierra-Aoslos,Horcajuelo de la Sierra,Hoyo de Manzanares,Humanes de Madrid,La Acebeda,La Cabrera,La Hiruela,La Serna del Monte,Las Rozas de Madrid,Leganés,Loeches,Los Molinos,Los Santos de la Humosa,Lozoya,Lozoyuela-Navas-Sieteiglesias,Madarcos,Madrid-Arganzuela,Madrid-Barajas,Madrid-Carabanchel,Madrid-Centro,Madrid-Chamartín,Madrid-Chamberí,Madrid-Ciudad Lineal,Madrid-Fuencarral-El Pardo,Madrid-Hortaleza,Madrid-Latina,Madrid-Moncloa-Aravaca,Madrid-Moratalaz,Madrid-Puente de Vallecas,Madrid-Retiro,Madrid-Salamanca,Madrid-San Blas - Canillejas,Madrid-Tetuán,Madrid-Usera,Madrid-Vicálvaro,Madrid-Villa de Vallecas,Madrid-Villaverde,Majadahonda,Manzanares El Real,Meco,Mejorada del Campo,Miraflores de la Sierra,Montejo de la Sierra,Moraleja de Enmedio,Moralzarzal,Morata de Tajuña,Móstoles,Navacerrada,Navalafuente,Navalagamella,Navalcarnero,Navarredonda y San Mamés,Navas del Rey,Nuevo Baztán,Olmeda de las Fuentes,Orusco de Tajuña,Paracuellos de Jarama,Parla,Patones,Pedrezuela,Pelayos de la Presa,Perales de Tajuña,Pezuela de las Torres,Pinilla del Valle,Pinto,Piñuécar-Gandullas,Pozuelo de Alarcón,Pozuelo del Rey,Prádena del Rincón,Puebla de la Sierra,Puentes Viejas,Quijorna,Rascafría,Redueña,Ribatejada,Rivas-Vaciamadrid,Robledillo de la Jara,Robledo de Chavela,Robregordo,Rozas de Puerto Real,San Agustín del Guadalix,San Fernando de Henares,San Lorenzo de El Escorial,San Martín de Valdeiglesias,San Martín de la Vega,San Sebastián de los Reyes,Santa María de la Alameda,Santorcaz,Serranillos del Valle,Sevilla la Nueva,Somosierra,Soto del Real,Talamanca de Jarama,Tielmes,Titulcia,Torrejón de Ardoz,Torrejón de Velasco,Torrejón de la Calzada,Torrelaguna,Torrelodones,Torremocha de Jarama,Torres de la Alameda,Tres Cantos,Valdaracete,Valdeavero,Valdelaguna,Valdemanco,Valdemaqueda,Valdemorillo,Valdemoro,Valdeolmos-Alalpardo,Valdepiélagos,Valdetorres de Jarama,Valdilecha,Valverde de Alcalá,Velilla de San Antonio,Venturada,Villa del Prado,Villaconejos,Villalbilla,Villamanrique de Tajo,Villamanta,Villamantilla,Villanueva de Perales,Villanueva de la Cañada,Villanueva del Pardillo,Villar del Olmo,Villarejo de Salvanés,Villaviciosa de Odón,Villavieja del Lozoya,Zarzalejo
2020-07-07 09:32:00,21.0,0.0,5.0,8.0,6.0,0.0,9.0,6.0,0.0,0.0,3.0,1.0,3.0,0.0,0.0,0.0,0.0,7.0,0.0,0.0,0.0,106.0,0.0,0.0,0.0,0.0,32.0,0.0,0.0,0.0,49.0,14.0,0.0,0.0,56.0,8.0,13.0,0.0,21.0,7.0,0.0,0.0,21.0,0.0,11.0,0.0,0.0,0.0,0.0,0.0,0.0,0.0,0.0,10.0,79.0,0.0,0.0,14.0,0.0,0.0,8.0,0.0,0.0,0.0,12.0,9.0,0.0,0.0,0.0,0.0,0.0,20.0,0.0,0.0,0.0,0.0,8.0,22.0,0.0,0.0,0.0,0.0,0.0,0.0,6.0,16.0,14.0,13.0,6.0,16.0,13.0,8.0,9.0,14.0,10.0,16.0,15.0,12.0,13.0,10.0,6.0,12.0,22.0,9.0,22.0,9.0,0.0,13.0,0.0,0.0,0.0,0.0,15.0,0.0,9.0,0.0,0.0,0.0,0.0,0.0,0.0,15.0,287.0,0.0,3.0,6.0,0.0,0.0,38.0,0.0,0.0,0.0,20.0,0.0,5.0,0.0,0.0,0.0,0.0,0.0,60.0,0.0,0.0,9.0,0.0,0.0,0.0,0.0,0.0,5.0,10.0,11.0,20.0,8.0,0.0,0.0,0.0,0.0,0.0,11.0,0.0,37.0,0.0,6.0,45.0,0.0,0.0,4.0,0.0,0.0,6.0,0.0,0.0,0.0,0.0,0.0,0.0,15.0,0.0,0.0,0.0,68.0,0.0,0.0,0.0,15.0,0.0,7.0,0.0,0.0,0.0,0.0,0.0,0.0,0.0,0.0,7.0,0.0,0.0
2020-07-14 09:23:00,0.0,,3.0,3.0,5.0,0.0,14.0,6.0,0.0,0.0,1.0,3.0,6.0,0.0,0.0,0.0,0.0,1.0,0.0,0.0,0.0,0.0,0.0,0.0,0.0,0.0,16.0,0.0,0.0,0.0,49.0,0.0,0.0,0.0,56.0,8.0,13.0,0.0,14.0,9.0,0.0,0.0,21.0,0.0,7.0,31.0,0.0,,0.0,0.0,0.0,0.0,0.0,10.0,79.0,0.0,0.0,9.0,0.0,0.0,8.0,0.0,0.0,,16.0,9.0,0.0,0.0,0.0,,0.0,25.0,,0.0,0.0,,6.0,16.0,0.0,45.0,0.0,0.0,0.0,,9.0,10.0,13.0,20.0,7.0,13.0,10.0,5.0,6.0,7.0,10.0,15.0,16.0,6.0,10.0,13.0,6.0,5.0,12.0,5.0,15.0,6.0,0.0,13.0,4.0,0.0,0.0,0.0,7.0,0.0,5.0,0.0,0.0,0.0,0.0,0.0,0.0,15.0,287.0,0.0,7.0,6.0,0.0,0.0,0.0,0.0,0.0,,13.0,,5.0,0.0,,,0.0,0.0,0.0,0.0,0.0,3.0,0.0,0.0,,0.0,0.0,0.0,10.0,11.0,15.0,7.0,0.0,0.0,0.0,0.0,0.0,22.0,0.0,0.0,0.0,12.0,68.0,22.0,0.0,8.0,0.0,0.0,2.0,0.0,0.0,0.0,0.0,0.0,0.0,13.0,0.0,,0.0,34.0,0.0,0.0,0.0,0.0,0.0,7.0,0.0,0.0,0.0,0.0,4.0,0.0,0.0,13.0,3.0,,0.0
2020-07-21 09:23:00,0.0,,4.0,8.0,7.0,0.0,4.0,6.0,0.0,0.0,5.0,10.0,9.0,0.0,0.0,0.0,0.0,1.0,0.0,0.0,0.0,0.0,0.0,0.0,0.0,27.0,0.0,0.0,0.0,0.0,0.0,0.0,0.0,0.0,18.0,4.0,13.0,14.0,6.0,5.0,0.0,0.0,21.0,0.0,6.0,15.0,0.0,,0.0,0.0,0.0,11.0,0.0,21.0,0.0,0.0,45.0,23.0,14.0,48.0,5.0,0.0,0.0,,16.0,0.0,0.0,0.0,0.0,,0.0,70.0,,0.0,0.0,,5.0,32.0,11.0,45.0,0.0,0.0,0.0,,17.0,6.0,15.0,18.0,17.0,11.0,12.0,7.0,6.0,15.0,25.0,16.0,19.0,18.0,15.0,6.0,10.0,10.0,27.0,7.0,12.0,15.0,0.0,13.0,4.0,0.0,0.0,0.0,0.0,13.0,24.0,0.0,0.0,0.0,0.0,0.0,0.0,0.0,0.0,0.0,3.0,9.0,0.0,33.0,0.0,34.0,0.0,,7.0,,3.0,0.0,,,0.0,0.0,0.0,0.0,0.0,6.0,0.0,0.0,,0.0,82.0,10.0,5.0,11.0,5.0,12.0,0.0,0.0,0.0,10.0,0.0,22.0,0.0,0.0,0.0,12.0,22.0,11.0,0.0,4.0,0.0,0.0,4.0,0.0,0.0,0.0,0.0,0.0,0.0,17.0,0.0,,0.0,68.0,0.0,16.0,0.0,0.0,0.0,7.0,0.0,0.0,0.0,0.0,4.0,0.0,0.0,13.0,0.0,,0.0
2020-07-28 09:34:00,0.0,0.0,13.0,28.0,11.0,0.0,14.0,48.0,0.0,0.0,13.0,34.0,44.0,0.0,0.0,0.0,0.0,16.0,0.0,0.0,9.0,53.0,0.0,0.0,0.0,13.0,16.0,0.0,0.0,0.0,49.0,14.0,0.0,0.0,0.0,0.0,26.0,28.0,15.0,15.0,0.0,0.0,0.0,0.0,15.0,0.0,9.0,0.0,0.0,26.0,6.0,0.0,0.0,10.0,0.0,0.0,90.0,46.0,179.0,97.0,38.0,0.0,0.0,0.0,26.0,9.0,0.0,0.0,0.0,0.0,23.0,65.0,0.0,0.0,0.0,0.0,11.0,35.0,11.0,22.0,0.0,0.0,0.0,0.0,56.0,16.0,29.0,56.0,21.0,22.0,20.0,10.0,15.0,39.0,44.0,17.0,40.0,32.0,23.0,19.0,27.0,48.0,34.0,13.0,42.0,25.0,0.0,48.0,0.0,0.0,0.0,0.0,30.0,39.0,82.0,33.0,0.0,0.0,3.0,0.0,0.0,31.0,0.0,0.0,3.0,18.0,0.0,50.0,0.0,34.0,0.0,0.0,11.0,0.0,11.0,0.0,0.0,0.0,0.0,0.0,0.0,0.0,0.0,13.0,0.0,0.0,0.0,0.0,119.0,12.0,0.0,11.0,15.0,17.0,0.0,0.0,0.0,21.0,0.0,11.0,0.0,0.0,0.0,26.0,0.0,11.0,0.0,8.0,0.0,0.0,33.0,0.0,0.0,0.0,0.0,0.0,7.0,15.0,0.0,0.0,22.0,68.0,0.0,40.0,0.0,0.0,0.0,7.0,0.0,0.0,0.0,0.0,9.0,11.0,0.0,0.0,10.0,0.0,0.0
2020-08-04 09:58:00,0.0,0.0,42.0,60.0,43.0,70.0,38.0,48.0,0.0,0.0,23.0,48.0,73.0,0.0,122.0,60.0,0.0,56.0,0.0,0.0,27.0,0.0,39.0,132.0,32.0,40.0,32.0,0.0,49.0,105.0,49.0,71.0,0.0,0.0,18.0,61.0,40.0,28.0,50.0,19.0,37.0,0.0,10.0,0.0,23.0,109.0,9.0,0.0,0.0,39.0,12.0,11.0,0.0,52.0,0.0,0.0,45.0,88.0,657.0,0.0,171.0,0.0,0.0,0.0,40.0,38.0,0.0,12.0,0.0,0.0,83.0,35.0,0.0,0.0,0.0,1234.0,31.0,40.0,56.0,45.0,77.0,0.0,0.0,0.0,90.0,55.0,82.0,83.0,47.0,43.0,54.0,33.0,42.0,70.0,46.0,39.0,87.0,51.0,45.0,64.0,56.0,135.0,45.0,39.0,115.0,84.0,45.0,83.0,17.0,49.0,0.0,0.0,38.0,26.0,144.0,100.0,0.0,38.0,30.0,0.0,68.0,63.0,0.0,0.0,59.0,33.0,0.0,50.0,0.0,34.0,0.0,0.0,13.0,0.0,68.0,87.0,0.0,0.0,0.0,58.0,0.0,0.0,0.0,22.0,0.0,0.0,0.0,0.0,67.0,25.0,54.0,35.0,52.0,42.0,0.0,0.0,24.0,21.0,0.0,22.0,0.0,0.0,0.0,105.0,0.0,56.0,0.0,21.0,0.0,38.0,48.0,0.0,0.0,0.0,0.0,0.0,47.0,17.0,0.0,0.0,22.0,68.0,0.0,49.0,0.0,0.0,29.0,14.0,0.0,0.0,0.0,0.0,23.0,75.0,0.0,27.0,14.0,0.0,60.0
2020-08-11 09:31:00,63.0,0.0,78.0,146.0,121.0,105.0,82.0,82.0,0.0,78.0,31.0,57.0,63.0,59.0,227.0,60.0,0.0,71.0,0.0,0.0,65.0,53.0,39.0,132.0,32.0,54.0,48.0,0.0,49.0,238.0,0.0,71.0,0.0,85.0,18.0,126.0,53.0,28.0,102.0,13.0,0.0,0.0,10.0,0.0,55.0,218.0,107.0,0.0,0.0,66.0,61.0,33.0,51.0,116.0,0.0,63.0,0.0,156.0,701.0,48.0,145.0,0.0,0.0,0.0,104.0,116.0,0.0,68.0,0.0,0.0,47.0,91.0,0.0,0.0,0.0,1234.0,69.0,91.0,102.0,113.0,115.0,0.0,0.0,0.0,112.0,83.0,212.0,138.0,76.0,78.0,127.0,78.0,80.0,136.0,91.0,108.0,193.0,109.0,91.0,101.0,103.0,325.0,116.0,102.0,226.0,157.0,67.0,34.0,85.0,81.0,0.0,19.0,15.0,26.0,208.0,0.0,0.0,76.0,81.0,0.0,102.0,79.0,0.0,0.0,146.0,87.0,0.0,33.0,38.0,102.0,0.0,0.0,59.0,540.0,123.0,87.0,0.0,0.0,147.0,145.0,0.0,0.0,0.0,49.0,0.0,23.0,0.0,0.0,82.0,63.0,87.0,23.0,354.0,140.0,0.0,0.0,72.0,85.0,0.0,68.0,0.0,113.0,0.0,209.0,0.0,67.0,63.0,67.0,0.0,128.0,31.0,0.0,0.0,0.0,0.0,0.0,47.0,47.0,0.0,171.0,22.0,102.0,0.0,89.0,0.0,122.0,29.0,36.0,0.0,0.0,0.0,0.0,46.0,122.0,49.0,27.0,17.0,0.0,120.0
2020-08-18 09:32:00,106.0,0.0,149.0,423.0,226.0,105.0,291.0,109.0,0.0,157.0,93.0,166.0,92.0,0.0,140.0,120.0,0.0,109.0,0.0,0.0,130.0,212.0,0.0,0.0,65.0,54.0,177.0,0.0,0.0,661.0,98.0,85.0,0.0,128.0,75.0,142.0,80.0,43.0,207.0,63.0,49.0,57.0,54.0,0.0,168.0,389.0,156.0,0.0,0.0,159.0,191.0,33.0,306.0,179.0,238.0,381.0,0.0,335.0,731.0,194.0,68.0,0.0,0.0,0.0,190.0,232.0,32.0,99.0,0.0,0.0,59.0,202.0,0.0,0.0,0.0,0.0,109.0,220.0,227.0,136.0,270.0,0.0,76.0,0.0,216.0,98.0,436.0,223.0,134.0,142.0,241.0,138.0,134.0,254.0,149.0,205.0,467.0,178.0,157.0,168.0,213.0,585.0,215.0,254.0,423.0,197.0,45.0,118.0,171.0,49.0,566.0,155.0,46.0,117.0,272.0,33.0,138.0,38.0,116.0,0.0,102.0,127.0,0.0,80.0,170.0,305.0,0.0,16.0,308.0,374.0,0.0,0.0,138.0,540.0,121.0,0.0,0.0,0.0,147.0,174.0,0.0,0.0,0.0,128.0,0.0,140.0,0.0,0.0,171.0,131.0,59.0,35.0,417.0,331.0,0.0,0.0,216.0,75.0,0.0,125.0,129.0,339.0,0.0,366.0,91.0,169.0,126.0,92.0,0.0,128.0,54.0,0.0,64.0,106.0,0.0,0.0,95.0,111.0,96.0,171.0,88.0,136.0,0.0,228.0,46.0,153.0,88.0,79.0,0.0,78.0,0.0,0.0,88.0,81.0,198.0,81.0,68.0,0.0,120.0
2020-08-25 09:33:00,63.0,0.0,222.0,614.0,334.0,105.0,402.0,123.0,168.0,236.0,248.0,279.0,124.0,0.0,227.0,300.0,487.0,157.0,0.0,381.0,176.0,796.0,0.0,529.0,65.0,68.0,611.0,0.0,199.0,714.0,196.0,170.0,0.0,85.0,187.0,239.0,175.0,100.0,303.0,163.0,249.0,115.0,175.0,0.0,428.0,452.0,156.0,0.0,263.0,106.0,228.0,134.0,408.0,295.0,476.0,508.0,45.0,473.0,612.0,146.0,136.0,0.0,0.0,518.0,291.0,251.0,96.0,99.0,0.0,0.0,35.0,354.0,0.0,374.0,0.0,0.0,153.0,238.0,329.0,250.0,308.0,0.0,384.0,0.0,395.0,202.0,591.0,358.0,224.0,193.0,400.0,193.0,232.0,305.0,226.0,314.0,802.0,231.0,244.0,295.0,342.0,823.0,352.0,434.0,703.0,257.0,56.0,209.0,352.0,65.0,1133.0,155.0,76.0,390.0,323.0,168.0,690.0,76.0,133.0,1550.0,68.0,223.0,287.0,80.0,245.0,620.0,369.0,118.0,770.0,545.0,0.0,0.0,180.0,0.0,248.0,0.0,0.0,0.0,0.0,203.0,420.0,384.0,0.0,322.0,0.0,117.0,0.0,0.0,298.0,225.0,114.0,106.0,427.0,441.0,398.0,0.0,480.0,193.0,0.0,90.0,311.0,1207.0,0.0,358.0,387.0,394.0,252.0,189.0,294.0,154.0,88.0,328.0,193.0,426.0,218.0,0.0,375.0,165.0,217.0,0.0,177.0,340.0,0.0,375.0,184.0,444.0,177.0,100.0,0.0,234.0,69.0,0.0,167.0,174.0,198.0,340.0,154.0,1185.0,241.0
2020-09-01 09:33:00,127.0,0.0,277.0,782.0,380.0,70.0,460.0,130.0,337.0,236.0,375.0,337.0,175.0,59.0,262.0,480.0,975.0,196.0,0.0,763.0,167.0,1008.0,39.0,793.0,98.0,177.0,660.0,0.0,497.0,449.0,639.0,313.0,0.0,128.0,300.0,309.0,363.0,172.0,329.0,285.0,373.0,405.0,372.0,140.0,454.0,343.0,274.0,0.0,263.0,106.0,222.0,234.0,408.0,274.0,238.0,381.0,180.0,621.0,582.0,243.0,234.0,0.0,0.0,518.0,383.0,310.0,128.0,124.0,0.0,0.0,189.0,780.0,0.0,449.0,0.0,1234.0,203.0,241.0,227.0,341.0,424.0,0.0,538.0,0.0,514.0,380.0,678.0,497.0,358.0,188.0,572.0,246.0,374.0,301.0,318.0,426.0,1017.0,295.0,312.0,490.0,446.0,981.0,471.0,544.0,890.0,370.0,226.0,216.0,433.0,212.0,849.0,175.0,176.0,429.0,395.0,168.0,483.0,268.0,204.0,1550.0,205.0,286.0,574.0,0.0,328.0,760.0,554.0,186.0,808.0,647.0,0.0,523.0,226.0,540.0,325.0,0.0,0.0,0.0,0.0,174.0,721.0,1538.0,127.0,382.0,0.0,117.0,0.0,0.0,298.0,271.0,234.0,271.0,307.0,526.0,478.0,112.0,432.0,268.0,0.0,170.0,285.0,1169.0,0.0,439.0,365.0,417.0,483.0,257.0,392.0,128.0,178.0,1149.0,0.0,426.0,437.0,0.0,535.0,202.0,362.0,171.0,289.0,613.0,215.0,343.0,369.0,1365.0,206.0,108.0,142.0,234.0,277.0,0.0,223.0,337.0,99.0,449.0,265.0,1185.0,361.0
2020-09-08 11:03:00,233.0,0.0,339.0,762.0,472.0,35.0,485.0,164.0,844.0,157.0,452.0,301.0,277.0,118.0,157.0,180.0,975.0,240.0,0.0,1335.0,176.0,371.0,159.0,793.0,164.0,245.0,257.0,0.0,597.0,185.0,590.0,298.0,0.0,257.0,168.0,304.0,403.0,273.0,405.0,382.0,211.0,811.0,350.0,140.0,363.0,530.0,303.0,0.0,0.0,133.0,241.0,369.0,408.0,306.0,0.0,254.0,630.0,714.0,552.0,194.0,491.0,0.0,316.0,0.0,543.0,416.0,144.0,193.0,0.0,0.0,284.0,937.0,0.0,337.0,0.0,0.0,280.0,347.0,193.0,341.0,386.0,0.0,384.0,0.0,562.0,508.0,806.0,668.0,418.0,261.0,668.0,335.0,388.0,402.0,423.0,559.0,1078.0,356.0,396.0,584.0,512.0,993.0,524.0,647.0,957.0,442.0,441.0,258.0,360.0,229.0,283.0,837.0,314.0,494.0,419.0,336.0,621.0,459.0,242.0,0.0,239.0,669.0,0.0,80.0,360.0,876.0,554.0,356.0,385.0,783.0,0.0,523.0,314.0,1081.0,402.0,174.0,0.0,0.0,147.0,145.0,420.0,1153.0,255.0,373.0,0.0,93.0,0.0,188.0,381.0,352.0,353.0,531.0,349.0,487.0,239.0,112.0,336.0,311.0,0.0,227.0,285.0,528.0,228.0,592.0,593.0,349.0,735.0,240.0,98.0,205.0,205.0,985.0,0.0,213.0,218.0,384.0,415.0,264.0,290.0,513.0,177.0,647.0,215.0,424.0,647.0,1334.0,177.0,172.0,284.0,234.0,208.0,63.0,275.0,395.0,198.0,313.0,294.0,0.0,180.0
2020-09-15 10:23:00,424.0,0.0,393.0,827.0,578.0,211.0,504.0,391.0,506.0,157.0,491.0,399.0,359.0,59.0,280.0,120.0,0.0,258.0,487.0,954.0,242.0,265.0,199.0,529.0,131.0,218.0,595.0,223.0,447.0,264.0,147.0,213.0,0.0,386.0,150.0,435.0,363.0,373.0,659.0,553.0,211.0,579.0,350.0,0.0,433.0,732.0,254.0,0.0,526.0,133.0,365.0,492.0,663.0,538.0,0.0,127.0,585.0,811.0,358.0,438.0,702.0,288.0,316.0,0.0,618.0,688.0,531.0,355.0,0.0,0.0,260.0,1058.0,0.0,449.0,0.0,0.0,363.0,482.0,238.0,478.0,231.0,0.0,153.0,0.0,560.0,659.0,884.0,750.0,483.0,292.0,876.0,466.0,439.0,424.0,480.0,632.0,1240.0,488.0,565.0,751.0,659.0,1155.0,643.0,696.0,1157.0,569.0,542.0,461.0,386.0,360.0,566.0,1031.0,399.0,585.0,538.0,572.0,690.0,574.0,365.0,0.0,205.0,780.0,0.0,160.0,375.0,992.0,554.0,271.0,154.0,613.0,0.0,0.0,397.0,0.0,460.0,261.0,854.0,0.0,294.0,174.0,480.0,0.0,1021.0,406.0,0.0,234.0,0.0,188.0,545.0,451.0,468.0,744.0,412.0,629.0,159.0,338.0,456.0,386.0,0.0,181.0,337.0,679.0,304.0,659.0,593.0,450.0,756.0,282.0,0.0,539.0,268.0,985.0,64.0,320.0,437.0,384.0,359.0,372.0,459.0,513.0,244.0,715.0,0.0,465.0,785.0,996.0,324.0,273.0,142.0,234.0,69.0,191.0,265.0,343.0,298.0,286.0,294.0,0.0,120.0
2020-09-22 09:42:00,445.0,0.0,520.0,838.0,716.0,528.0,494.0,418.0,506.0,314.0,662.0,519.0,385.0,356.0,315.0,120.0,975.0,322.0,1951.0,381.0,372.0,318.0,159.0,661.0,263.0,149.0,917.0,1342.0,547.0,529.0,295.0,128.0,0.0,730.0,187.0,418.0,376.0,172.0,690.0,675.0,236.0,405.0,394.0,420.0,671.0,795.0,284.0,1123.0,1315.0,359.0,408.0,537.0,970.0,506.0,238.0,190.0,270.0,968.0,373.0,633.0,773.0,288.0,316.0,0.0,699.0,823.0,836.0,405.0,0.0,0.0,225.0,1484.0,0.0,562.0,0.0,0.0,363.0,616.0,500.0,478.0,308.0,172.0,384.0,0.0,657.0,753.0,986.0,774.0,604.0,448.0,976.0,567.0,511.0,638.0,504.0,690.0,1272.0,605.0,750.0,897.0,769.0,1156.0,818.0,658.0,1127.0,588.0,509.0,538.0,537.0,458.0,849.0,973.0,314.0,442.0,602.0,605.0,690.0,881.0,525.0,0.0,342.0,334.0,574.0,321.0,443.0,855.0,554.0,271.0,269.0,749.0,237.0,0.0,515.0,0.0,413.0,174.0,854.0,1538.0,589.0,290.0,180.0,0.0,894.0,435.0,0.0,210.0,0.0,1509.0,650.0,532.0,440.0,650.0,422.0,709.0,239.0,338.0,576.0,397.0,0.0,284.0,259.0,377.0,76.0,803.0,479.0,687.0,672.0,324.0,98.0,732.0,333.0,328.0,128.0,106.0,437.0,512.0,303.0,389.0,362.0,171.0,378.0,579.0,0.0,474.0,1202.0,1288.0,678.0,381.0,0.0,508.0,208.0,127.0,261.0,413.0,596.0,463.0,348.0,0.0,120.0
2020-09-29 11:15:00,233.0,500.0,524.0,979.0,753.0,916.0,873.0,480.0,675.0,472.0,714.0,821.0,426.0,712.0,280.0,300.0,487.0,340.0,2439.0,954.0,419.0,530.0,119.0,529.0,493.0,218.0,756.0,1789.0,497.0,1164.0,836.0,256.0,1333.0,730.0,300.0,467.0,1036.0,373.0,783.0,719.0,485.0,637.0,383.0,701.0,901.0,1138.0,431.0,1123.0,1447.0,812.0,327.0,626.0,817.0,485.0,634.0,318.0,135.0,1165.0,462.0,1509.0,654.0,576.0,316.0,0.0,773.0,940.0,804.0,411.0,689.0,0.0,272.0,1423.0,0.0,899.0,0.0,0.0,393.0,724.0,693.0,637.0,463.0,688.0,461.0,0.0,683.0,602.0,960.0,753.0,627.0,558.0,814.0,561.0,494.0,767.0,584.0,707.0,1185.0,624.0,766.0,808.0,727.0,1049.0,808.0,866.0,1005.0,509.0,542.0,391.0,532.0,491.0,849.0,1070.0,460.0,767.0,629.0,336.0,414.0,1341.0,587.0,0.0,479.0,430.0,862.0,1125.0,455.0,1155.0,369.0,560.0,269.0,442.0,712.0,0.0,597.0,0.0,511.0,174.0,0.0,1538.0,736.0,436.0,300.0,0.0,255.0,609.0,0.0,163.0,0.0,1698.0,702.0,854.0,348.0,449.0,474.0,802.0,478.0,225.0,672.0,321.0,0.0,272.0,492.0,792.0,76.0,795.0,844.0,946.0,1323.0,341.0,490.0,694.0,360.0,985.0,64.0,213.0,437.0,640.0,303.0,373.0,773.0,856.0,555.0,750.0,215.0,678.0,693.0,1518.0,1180.0,360.0,142.0,900.0,346.0,63.0,433.0,523.0,1044.0,695.0,344.0,0.0,60.0
2020-10-06 11:02:00,191.0,500.0,397.0,602.0,536.0,1021.0,572.0,452.0,844.0,314.0,526.0,801.0,382.0,296.0,455.0,180.0,0.0,293.0,975.0,1145.0,363.0,318.0,159.0,132.0,329.0,272.0,611.0,894.0,447.0,820.0,688.0,398.0,2000.0,558.0,300.0,333.0,565.0,718.0,628.0,766.0,323.0,811.0,580.0,420.0,629.0,686.0,499.0,0.0,526.0,852.0,228.0,514.0,510.0,390.0,476.0,190.0,45.0,765.0,328.0,925.0,444.0,576.0,0.0,0.0,684.0,697.0,418.0,455.0,0.0,0.0,450.0,759.0,0.0,712.0,0.0,0.0,353.0,583.0,557.0,843.0,463.0,0.0,76.0,0.0,509.0,337.0,717.0,569.0,480.0,481.0,567.0,471.0,461.0,577.0,504.0,676.0,953.0,519.0,564.0,580.0,582.0,842.0,681.0,661.0,843.0,523.0,520.0,160.0,356.0,311.0,283.0,506.0,437.0,754.0,464.0,168.0,138.0,1226.0,423.0,0.0,514.0,430.0,287.0,803.0,447.0,882.0,0.0,644.0,500.0,272.0,831.0,0.0,481.0,0.0,505.0,0.0,0.0,0.0,147.0,378.0,360.0,0.0,383.0,475.0,0.0,444.0,0.0,377.0,605.0,580.0,288.0,236.0,438.0,569.0,877.0,1241.0,384.0,246.0,0.0,284.0,259.0,754.0,152.0,647.0,684.0,619.0,714.0,366.0,490.0,424.0,408.0,656.0,193.0,320.0,328.0,384.0,447.0,290.0,459.0,1369.0,311.0,750.0,215.0,588.0,554.0,935.0,1269.0,288.0,142.0,1056.0,208.0,319.0,480.0,407.0,397.0,818.0,276.0,0.0,542.0
2020-10-13 13:31:00,191.0,0.0,312.0,399.0,408.0,458.0,334.0,480.0,506.0,78.0,483.0,619.0,420.0,356.0,402.0,480.0,0.0,278.0,0.0,763.0,335.0,106.0,159.0,1058.0,329.0,190.0,483.0,223.0,149.0,502.0,196.0,882.0,2000.0,343.0,356.0,426.0,323.0,546.0,522.0,713.0,311.0,463.0,624.0,140.0,427.0,327.0,480.0,0.0,657.0,612.0,228.0,581.0,868.0,147.0,238.0,318.0,45.0,454.0,194.0,243.0,385.0,0.0,632.0,0.0,455.0,455.0,193.0,642.0,0.0,0.0,426.0,511.0,0.0,637.0,0.0,0.0,331.0,400.0,386.0,1116.0,154.0,0.0,461.0,2083.0,451.0,288.0,489.0,440.0,357.0,451.0,397.0,401.0,406.0,423.0,495.0,507.0,623.0,383.0,377.0,388.0,512.0,550.0,467.0,496.0,614.0,637.0,407.0,111.0,386.0,311.0,283.0,311.0,414.0,559.0,377.0,100.0,276.0,689.0,283.0,0.0,205.0,334.0,287.0,482.0,466.0,660.0,0.0,305.0,654.0,340.0,356.0,0.0,386.0,0.0,498.0,261.0,0.0,0.0,0.0,378.0,360.0,0.0,255.0,373.0,0.0,562.0,0.0,0.0,411.0,352.0,299.0,212.0,354.0,368.0,558.0,225.0,360.0,279.0,0.0,306.0,51.0,377.0,380.0,363.0,410.0,462.0,399.0,333.0,490.0,398.0,372.0,656.0,257.0,426.0,328.0,640.0,423.0,302.0,411.0,1198.0,244.0,818.0,0.0,416.0,323.0,368.0,649.0,216.0,426.0,704.0,555.0,575.0,391.0,296.0,99.0,627.0,319.0,0.0,663.0
2020-10-20 11:06:00,339.0,0.0,314.0,322.0,333.0,176.0,262.0,473.0,0.0,0.0,380.0,458.0,350.0,296.0,297.0,540.0,0.0,296.0,975.0,381.0,316.0,53.0,199.0,1190.0,296.0,204.0,257.0,447.0,248.0,238.0,344.0,711.0,2000.0,42.0,431.0,378.0,376.0,258.0,469.0,526.0,522.0,231.0,449.0,140.0,356.0,140.0,391.0,0.0,1447.0,652.0,358.0,648.0,766.0,221.0,555.0,254.0,45.0,365.0,328.0,194.0,426.0,0.0,632.0,0.0,331.0,319.0,177.0,916.0,689.0,0.0,284.0,440.0,0.0,374.0,0.0,2469.0,402.0,323.0,318.0,888.0,231.0,0.0,692.0,4166.0,376.0,322.0,399.0,378.0,362.0,419.0,418.0,346.0,342.0,375.0,597.0,483.0,511.0,400.0,372.0,352.0,448.0,413.0,416.0,417.0,469.0,744.0,361.0,209.0,438.0,376.0,566.0,1265.0,345.0,676.0,346.0,134.0,138.0,421.0,266.0,0.0,171.0,350.0,0.0,482.0,387.0,443.0,184.0,271.0,308.0,442.0,237.0,0.0,382.0,0.0,440.0,174.0,0.0,0.0,0.0,436.0,300.0,0.0,127.0,349.0,6250.0,257.0,1724.0,188.0,328.0,327.0,566.0,165.0,365.0,308.0,159.0,112.0,480.0,193.0,0.0,193.0,388.0,301.0,456.0,455.0,296.0,394.0,483.0,274.0,490.0,449.0,301.0,1149.0,193.0,853.0,218.0,256.0,359.0,315.0,531.0,342.0,244.0,715.0,645.0,245.0,231.0,76.0,236.0,237.0,853.0,430.0,693.0,511.0,340.0,314.0,99.0,708.0,308.0,0.0,301.0
2020-10-27 10:02:00,233.0,0.0,350.0,340.0,314.0,140.0,417.0,487.0,0.0,0.0,379.0,463.0,299.0,59.0,385.0,360.0,0.0,320.0,487.0,954.0,372.0,106.0,199.0,396.0,98.0,204.0,322.0,223.0,199.0,79.0,245.0,498.0,666.0,42.0,431.0,317.0,363.0,287.0,425.0,390.0,684.0,173.0,317.0,140.0,455.0,280.0,205.0,0.0,1447.0,559.0,408.0,481.0,357.0,401.0,873.0,127.0,270.0,385.0,537.0,487.0,497.0,0.0,0.0,0.0,304.0,251.0,257.0,817.0,0.0,0.0,367.0,465.0,0.0,412.0,0.0,1234.0,452.0,288.0,307.0,410.0,115.0,344.0,615.0,2083.0,340.0,300.0,340.0,367.0,395.0,459.0,417.0,349.0,356.0,317.0,597.0,479.0,473.0,355.0,410.0,361.0,425.0,366.0,323.0,393.0,391.0,715.0,361.0,230.0,416.0,327.0,283.0,1518.0,414.0,598.0,386.0,403.0,0.0,459.0,296.0,0.0,171.0,334.0,0.0,321.0,300.0,401.0,184.0,254.0,154.0,238.0,237.0,0.0,470.0,0.0,423.0,87.0,0.0,0.0,147.0,465.0,180.0,0.0,0.0,322.0,7500.0,304.0,1724.0,377.0,373.0,408.0,587.0,260.0,349.0,403.0,79.0,451.0,264.0,107.0,0.0,238.0,700.0,528.0,685.0,435.0,136.0,315.0,630.0,333.0,294.0,308.0,289.0,1149.0,321.0,1387.0,218.0,128.0,295.0,330.0,507.0,0.0,244.0,340.0,1290.0,269.0,277.0,107.0,354.0,187.0,853.0,78.0,277.0,383.0,447.0,302.0,248.0,1063.0,301.0,0.0,301.0
2020-11-03 10:02:00,169.0,0.0,251.0,323.0,269.0,211.0,412.0,514.0,0.0,0.0,364.0,442.0,286.0,0.0,420.0,240.0,0.0,265.0,0.0,2862.0,353.0,371.0,159.0,396.0,263.0,149.0,499.0,1566.0,1641.0,79.0,196.0,327.0,0.0,171.0,581.0,463.0,282.0,244.0,587.0,384.0,859.0,173.0,219.0,0.0,489.0,327.0,205.0,0.0,394.0,532.0,296.0,279.0,51.0,380.0,476.0,127.0,360.0,343.0,448.0,584.0,580.0,576.0,1265.0,0.0,238.0,407.0,450.0,536.0,0.0,0.0,474.0,334.0,0.0,412.0,0.0,0.0,395.0,222.0,193.0,364.0,115.0,1204.0,538.0,2083.0,325.0,216.0,317.0,336.0,355.0,481.0,381.0,317.0,303.0,307.0,458.0,388.0,395.0,334.0,374.0,320.0,410.0,286.0,296.0,328.0,326.0,517.0,384.0,153.0,429.0,261.0,566.0,856.0,660.0,286.0,354.0,874.0,276.0,344.0,255.0,775.0,137.0,159.0,0.0,160.0,304.0,308.0,184.0,441.0,423.0,442.0,712.0,0.0,409.0,540.0,313.0,174.0,0.0,0.0,294.0,378.0,360.0,0.0,0.0,285.0,1250.0,421.0,0.0,188.0,515.0,360.0,332.0,638.0,380.0,399.0,79.0,564.0,48.0,343.0,0.0,204.0,466.0,452.0,533.0,285.0,273.0,270.0,399.0,320.0,196.0,205.0,245.0,656.0,257.0,533.0,218.0,128.0,231.0,290.0,531.0,513.0,200.0,136.0,430.0,277.0,601.0,138.0,678.0,144.0,568.0,39.0,346.0,319.0,498.0,273.0,198.0,640.0,323.0,0.0,60.0
2020-11-10 10:27:00,106.0,500.0,199.0,286.0,238.0,211.0,295.0,548.0,168.0,78.0,340.0,370.0,248.0,0.0,315.0,120.0,1463.0,328.0,0.0,2099.0,270.0,424.0,119.0,264.0,296.0,190.0,483.0,1566.0,1940.0,105.0,245.0,270.0,0.0,300.0,656.0,406.0,201.0,316.0,620.0,421.0,1132.0,115.0,219.0,0.0,334.0,233.0,146.0,0.0,394.0,759.0,327.0,268.0,51.0,369.0,158.0,190.0,180.0,334.0,194.0,828.0,477.0,576.0,1265.0,0.0,246.0,533.0,498.0,305.0,0.0,0.0,509.0,319.0,0.0,412.0,0.0,1234.0,361.0,204.0,329.0,364.0,193.0,1549.0,461.0,0.0,277.0,247.0,293.0,312.0,303.0,391.0,376.0,281.0,292.0,280.0,363.0,317.0,345.0,302.0,341.0,305.0,313.0,231.0,359.0,258.0,292.0,428.0,282.0,153.0,481.0,294.0,849.0,253.0,683.0,390.0,295.0,773.0,276.0,268.0,279.0,1550.0,171.0,95.0,0.0,482.0,277.0,264.0,184.0,611.0,731.0,817.0,831.0,0.0,382.0,540.0,302.0,174.0,0.0,0.0,441.0,319.0,300.0,0.0,0.0,274.0,1250.0,163.0,0.0,0.0,418.0,235.0,321.0,744.0,349.0,322.0,159.0,677.0,48.0,429.0,0.0,227.0,207.0,641.0,152.0,254.0,433.0,394.0,357.0,307.0,0.0,321.0,261.0,328.0,257.0,106.0,109.0,256.0,223.0,232.0,362.0,684.0,378.0,511.0,215.0,228.0,554.0,260.0,1062.0,201.0,142.0,39.0,763.0,191.0,433.0,192.0,99.0,599.0,262.0,1581.0,120.0
2020-11-17 12:22:00,212.0,500.0,182.0,276.0,234.0,211.0,349.0,445.0,675.0,472.0,286.0,330.0,232.0,178.0,245.0,120.0,7804.0,364.0,487.0,381.0,316.0,265.0,199.0,264.0,427.0,286.0,273.0,223.0,298.0,291.0,98.0,213.0,0.0,85.0,525.0,402.0,228.0,416.0,406.0,380.0,946.0,173.0,186.0,0.0,258.0,249.0,88.0,0.0,526.0,572.0,284.0,145.0,102.0,369.0,158.0,190.0,270.0,344.0,134.0,779.0,444.0,576.0,949.0,0.0,226.0,494.0,370.0,424.0,0.0,0.0,296.0,334.0,0.0,187.0,0.0,1234.0,295.0,233.0,261.0,182.0,154.0,344.0,230.0,0.0,230.0,230.0,279.0,289.0,269.0,317.0,316.0,256.0,306.0,238.0,298.0,322.0,327.0,264.0,331.0,269.0,249.0,203.0,344.0,251.0,260.0,377.0,339.0,209.0,412.0,360.0,849.0,214.0,583.0,494.0,281.0,302.0,276.0,268.0,337.0,775.0,137.0,143.0,0.0,562.0,154.0,275.0,0.0,356.0,500.0,511.0,0.0,0.0,276.0,0.0,273.0,87.0,0.0,0.0,441.0,348.0,360.0,0.0,127.0,265.0,1250.0,257.0,0.0,0.0,343.0,284.0,261.0,413.0,349.0,305.0,159.0,564.0,96.0,257.0,1162.0,193.0,207.0,566.0,152.0,214.0,273.0,371.0,441.0,295.0,196.0,192.0,232.0,328.0,193.0,320.0,109.0,128.0,231.0,206.0,169.0,1027.0,444.0,886.0,215.0,245.0,231.0,368.0,1357.0,259.0,284.0,117.0,971.0,191.0,424.0,267.0,149.0,477.0,265.0,1976.0,60.0
2020-11-24 11:07:00,127.0,0.0,159.0,252.0,228.0,317.0,291.0,377.0,506.0,550.0,216.0,214.0,245.0,178.0,105.0,60.0,17073.0,296.0,487.0,381.0,251.0,265.0,119.0,132.0,361.0,204.0,225.0,0.0,99.0,449.0,98.0,185.0,0.0,85.0,525.0,540.0,175.0,330.0,406.0,258.0,647.0,231.0,230.0,140.0,233.0,530.0,186.0,0.0,526.0,386.0,179.0,111.0,102.0,411.0,238.0,254.0,90.0,356.0,164.0,292.0,411.0,576.0,3164.0,0.0,223.0,310.0,514.0,237.0,0.0,0.0,414.0,293.0,0.0,74.0,0.0,0.0,252.0,247.0,136.0,136.0,77.0,172.0,153.0,0.0,220.0,243.0,261.0,243.0,272.0,327.0,279.0,284.0,295.0,224.0,337.0,255.0,285.0,253.0,313.0,259.0,236.0,226.0,264.0,241.0,263.0,275.0,350.0,125.0,300.0,229.0,566.0,331.0,437.0,169.0,312.0,235.0,276.0,153.0,259.0,0.0,102.0,175.0,0.0,160.0,142.0,271.0,0.0,220.0,539.0,170.0,0.0,0.0,213.0,0.0,254.0,0.0,0.0,0.0,294.0,494.0,300.0,0.0,383.0,211.0,0.0,444.0,0.0,188.0,216.0,263.0,250.0,425.0,255.0,286.0,79.0,451.0,216.0,354.0,1162.0,181.0,285.0,264.0,228.0,169.0,479.0,439.0,210.0,274.0,196.0,77.0,228.0,0.0,128.0,426.0,0.0,256.0,255.0,236.0,145.0,856.0,378.0,409.0,0.0,220.0,184.0,368.0,914.0,266.0,284.0,391.0,693.0,191.0,373.0,372.0,99.0,149.0,341.0,395.0,0.0
2020-12-01 10:20:00,84.0,0.0,133.0,245.0,182.0,140.0,223.0,343.0,0.0,157.0,167.0,198.0,159.0,0.0,52.0,0.0,1951.0,249.0,0.0,0.0,279.0,636.0,39.0,0.0,98.0,163.0,338.0,0.0,99.0,423.0,98.0,113.0,0.0,0.0,337.0,390.0,161.0,215.0,296.0,228.0,323.0,115.0,284.0,140.0,206.0,810.0,205.0,0.0,0.0,426.0,55.0,100.0,51.0,211.0,158.0,0.0,135.0,239.0,238.0,48.0,275.0,1152.0,2215.0,0.0,163.0,184.0,209.0,162.0,0.0,0.0,367.0,167.0,0.0,37.0,0.0,0.0,222.0,181.0,284.0,68.0,115.0,172.0,230.0,0.0,193.0,228.0,165.0,218.0,226.0,284.0,212.0,226.0,232.0,176.0,270.0,188.0,220.0,194.0,225.0,204.0,182.0,208.0,191.0,171.0,227.0,197.0,203.0,83.0,257.0,98.0,0.0,311.0,337.0,91.0,269.0,168.0,69.0,76.0,255.0,0.0,171.0,207.0,0.0,160.0,130.0,190.0,0.0,84.0,154.0,34.0,0.0,0.0,213.0,0.0,205.0,174.0,0.0,0.0,147.0,668.0,120.0,0.0,127.0,182.0,0.0,257.0,0.0,188.0,112.0,185.0,114.0,260.0,182.0,268.0,79.0,0.0,288.0,440.0,1162.0,125.0,155.0,37.0,152.0,132.0,479.0,811.0,147.0,198.0,196.0,77.0,220.0,0.0,128.0,533.0,0.0,256.0,191.0,206.0,120.0,171.0,266.0,34.0,0.0,261.0,416.0,199.0,118.0,187.0,0.0,352.0,138.0,0.0,270.0,395.0,149.0,149.0,269.0,0.0,0.0
2020-12-09 07:22:00,0.0,0.0,121.0,257.0,182.0,70.0,262.0,260.0,0.0,0.0,161.0,234.0,178.0,59.0,105.0,0.0,0.0,232.0,0.0,0.0,242.0,530.0,0.0,0.0,263.0,190.0,676.0,0.0,199.0,264.0,49.0,185.0,0.0,42.0,168.0,243.0,134.0,229.0,243.0,216.0,161.0,57.0,306.0,0.0,203.0,623.0,195.0,0.0,131.0,239.0,92.0,55.0,0.0,147.0,0.0,0.0,180.0,212.0,283.0,0.0,213.0,1152.0,632.0,0.0,179.0,145.0,160.0,112.0,0.0,0.0,189.0,151.0,0.0,37.0,0.0,0.0,242.0,173.0,409.0,136.0,154.0,0.0,307.0,0.0,195.0,163.0,165.0,222.0,210.0,276.0,189.0,208.0,210.0,160.0,252.0,173.0,191.0,174.0,188.0,151.0,163.0,198.0,156.0,161.0,187.0,236.0,113.0,76.0,279.0,163.0,0.0,253.0,360.0,78.0,261.0,33.0,69.0,0.0,163.0,0.0,205.0,254.0,287.0,0.0,138.0,184.0,0.0,84.0,192.0,68.0,118.0,0.0,144.0,0.0,175.0,348.0,854.0,0.0,0.0,436.0,0.0,0.0,0.0,164.0,0.0,70.0,0.0,0.0,156.0,121.0,92.0,177.0,151.0,212.0,159.0,112.0,192.0,354.0,0.0,147.0,77.0,37.0,0.0,102.0,205.0,552.0,126.0,295.0,294.0,115.0,159.0,164.0,0.0,640.0,0.0,384.0,191.0,160.0,241.0,0.0,22.0,34.0,0.0,351.0,184.0,92.0,88.0,208.0,0.0,195.0,346.0,0.0,163.0,256.0,198.0,109.0,183.0,0.0,0.0
2020-12-15 10:47:00,0.0,0.0,112.0,261.0,181.0,105.0,349.0,198.0,0.0,0.0,176.0,218.0,264.0,356.0,280.0,0.0,487.0,243.0,0.0,0.0,176.0,106.0,0.0,0.0,822.0,218.0,499.0,0.0,348.0,132.0,98.0,227.0,0.0,42.0,93.0,264.0,134.0,201.0,270.0,147.0,112.0,0.0,251.0,0.0,192.0,748.0,195.0,0.0,131.0,13.0,117.0,55.0,51.0,242.0,0.0,0.0,90.0,245.0,253.0,0.0,204.0,0.0,1265.0,518.0,225.0,203.0,257.0,112.0,0.0,0.0,106.0,212.0,0.0,0.0,0.0,1234.0,259.0,169.0,250.0,250.0,154.0,0.0,230.0,0.0,202.0,194.0,186.0,232.0,255.0,285.0,205.0,209.0,240.0,209.0,275.0,190.0,207.0,190.0,227.0,161.0,191.0,201.0,165.0,171.0,169.0,240.0,101.0,111.0,317.0,556.0,0.0,369.0,245.0,117.0,283.0,0.0,138.0,76.0,133.0,0.0,274.0,175.0,287.0,0.0,150.0,192.0,0.0,84.0,115.0,68.0,118.0,523.0,152.0,0.0,204.0,523.0,854.0,0.0,0.0,145.0,60.0,0.0,127.0,176.0,0.0,70.0,0.0,0.0,156.0,167.0,54.0,307.0,166.0,237.0,239.0,112.0,216.0,236.0,0.0,306.0,103.0,150.0,0.0,101.0,273.0,315.0,189.0,396.0,196.0,154.0,129.0,164.0,257.0,320.0,0.0,384.0,95.0,160.0,169.0,0.0,177.0,34.0,0.0,294.0,46.0,76.0,206.0,237.0,0.0,234.0,277.0,63.0,153.0,145.0,198.0,95.0,201.0,0.0,120.0
2020-12-22 10:06:00,63.0,0.0,146.0,337.0,257.0,176.0,422.0,198.0,0.0,0.0,265.0,194.0,394.0,653.0,332.0,0.0,487.0,333.0,0.0,954.0,260.0,0.0,79.0,396.0,658.0,95.0,193.0,223.0,248.0,52.0,1032.0,142.0,0.0,128.0,150.0,333.0,269.0,273.0,321.0,145.0,87.0,0.0,317.0,0.0,273.0,623.0,244.0,0.0,0.0,159.0,111.0,156.0,51.0,285.0,0.0,0.0,45.0,292.0,224.0,0.0,245.0,0.0,316.0,518.0,278.0,358.0,321.0,218.0,0.0,0.0,225.0,288.0,0.0,224.0,0.0,1234.0,305.0,219.0,284.0,296.0,154.0,344.0,76.0,0.0,285.0,310.0,239.0,351.0,331.0,378.0,277.0,314.0,338.0,291.0,365.0,247.0,258.0,258.0,329.0,225.0,298.0,239.0,217.0,205.0,230.0,304.0,147.0,188.0,390.0,540.0,0.0,603.0,222.0,117.0,368.0,100.0,690.0,229.0,300.0,775.0,308.0,239.0,287.0,0.0,304.0,253.0,0.0,1137.0,192.0,68.0,118.0,1570.0,186.0,0.0,303.0,348.0,0.0,0.0,0.0,319.0,60.0,0.0,127.0,248.0,0.0,93.0,0.0,0.0,149.0,286.0,125.0,390.0,224.0,401.0,239.0,0.0,528.0,279.0,0.0,340.0,233.0,37.0,685.0,165.0,570.0,326.0,483.0,400.0,98.0,167.0,163.0,0.0,386.0,0.0,218.0,128.0,119.0,264.0,0.0,0.0,222.0,68.0,0.0,286.0,323.0,153.0,295.0,302.0,0.0,704.0,69.0,191.0,303.0,232.0,149.0,218.0,384.0,0.0,180.0
2020-12-29 12:23:00,106.0,0.0,215.0,463.0,324.0,246.0,485.0,205.0,0.0,157.0,419.0,220.0,404.0,593.0,350.0,180.0,0.0,370.0,0.0,1145.0,381.0,265.0,239.0,661.0,230.0,109.0,305.0,223.0,0.0,79.0,1082.0,213.0,0.0,128.0,150.0,492.0,336.0,445.0,318.0,228.0,261.0,173.0,339.0,0.0,350.0,343.0,156.0,0.0,131.0,306.0,173.0,268.0,0.0,359.0,0.0,0.0,0.0,315.0,268.0,146.0,340.0,0.0,0.0,0.0,289.0,455.0,337.0,299.0,0.0,0.0,237.0,384.0,0.0,562.0,0.0,0.0,305.0,263.0,318.0,250.0,115.0,344.0,230.0,0.0,321.0,431.0,270.0,422.0,376.0,444.0,311.0,398.0,447.0,282.0,417.0,323.0,291.0,318.0,413.0,285.0,342.0,274.0,262.0,260.0,275.0,375.0,124.0,160.0,459.0,261.0,0.0,720.0,222.0,78.0,400.0,336.0,897.0,114.0,419.0,0.0,239.0,270.0,574.0,241.0,360.0,317.0,0.0,1459.0,269.0,102.0,0.0,1570.0,220.0,0.0,356.0,523.0,0.0,0.0,147.0,552.0,0.0,0.0,255.0,307.0,0.0,117.0,0.0,188.0,239.0,461.0,283.0,378.0,333.0,473.0,159.0,0.0,504.0,225.0,0.0,261.0,207.0,37.0,913.0,194.0,547.0,225.0,420.0,468.0,0.0,321.0,268.0,328.0,193.0,426.0,1094.0,384.0,207.0,318.0,169.0,0.0,177.0,102.0,0.0,474.0,369.0,337.0,324.0,360.0,568.0,1095.0,69.0,255.0,429.0,442.0,149.0,504.0,384.0,0.0,180.0
2021-01-05 13:32:00,84.0,0.0,238.0,530.0,379.0,176.0,601.0,377.0,168.0,393.0,615.0,395.0,429.0,415.0,525.0,781.0,0.0,406.0,0.0,190.0,353.0,1061.0,559.0,793.0,789.0,163.0,644.0,0.0,49.0,52.0,196.0,256.0,0.0,300.0,131.0,670.0,525.0,560.0,372.0,307.0,373.0,289.0,350.0,0.0,428.0,374.0,352.0,0.0,394.0,466.0,210.0,268.0,51.0,454.0,714.0,127.0,90.0,453.0,388.0,438.0,435.0,576.0,0.0,0.0,298.0,552.0,386.0,349.0,0.0,0.0,355.0,445.0,0.0,712.0,0.0,0.0,331.0,299.0,261.0,182.0,115.0,0.0,307.0,0.0,310.0,545.0,325.0,368.0,405.0,408.0,371.0,407.0,483.0,324.0,448.0,384.0,341.0,386.0,438.0,395.0,320.0,281.0,249.0,296.0,343.0,375.0,147.0,167.0,472.0,196.0,849.0,467.0,214.0,104.0,414.0,403.0,276.0,153.0,546.0,0.0,102.0,414.0,1436.0,562.0,316.0,322.0,0.0,695.0,616.0,204.0,0.0,523.0,325.0,0.0,381.0,784.0,0.0,0.0,147.0,378.0,0.0,0.0,127.0,369.0,1250.0,140.0,0.0,188.0,381.0,679.0,310.0,236.0,318.0,505.0,79.0,0.0,264.0,257.0,0.0,284.0,1166.0,150.0,1523.0,220.0,524.0,326.0,210.0,468.0,0.0,372.0,297.0,492.0,64.0,640.0,1312.0,384.0,327.0,365.0,628.0,342.0,200.0,409.0,215.0,800.0,231.0,414.0,501.0,302.0,568.0,587.0,138.0,383.0,401.0,384.0,397.0,1895.0,431.0,0.0,120.0
2021-01-12 02:49:00,233.0,0.0,436.0,818.0,619.0,211.0,912.0,747.0,337.0,236.0,1095.0,642.0,557.0,415.0,717.0,901.0,0.0,593.0,0.0,190.0,586.0,1273.0,1198.0,793.0,2270.0,422.0,1320.0,223.0,199.0,423.0,442.0,683.0,0.0,343.0,431.0,662.0,861.0,560.0,780.0,476.0,709.0,173.0,558.0,280.0,658.0,530.0,813.0,0.0,131.0,519.0,408.0,783.0,306.0,770.0,1825.0,572.0,180.0,720.0,851.0,1022.0,672.0,2017.0,949.0,518.0,505.0,784.0,563.0,611.0,0.0,0.0,652.0,719.0,0.0,1162.0,0.0,4938.0,640.0,518.0,682.0,660.0,270.0,0.0,538.0,0.0,468.0,764.0,512.0,515.0,599.0,586.0,601.0,606.0,642.0,493.0,654.0,558.0,550.0,565.0,599.0,597.0,528.0,449.0,435.0,516.0,554.0,684.0,294.0,314.0,640.0,507.0,1416.0,447.0,368.0,247.0,648.0,706.0,138.0,842.0,720.0,1550.0,205.0,621.0,862.0,562.0,498.0,570.0,0.0,1120.0,1117.0,579.0,0.0,0.0,584.0,0.0,642.0,523.0,0.0,1538.0,0.0,1163.0,180.0,0.0,255.0,606.0,1250.0,327.0,0.0,188.0,971.0,958.0,397.0,508.0,511.0,735.0,398.0,112.0,648.0,536.0,1162.0,556.0,2307.0,415.0,3503.0,454.0,593.0,563.0,378.0,893.0,294.0,321.0,473.0,492.0,579.0,320.0,875.0,384.0,495.0,472.0,918.0,513.0,311.0,954.0,215.0,1356.0,231.0,843.0,767.0,403.0,142.0,469.0,832.0,2111.0,718.0,599.0,397.0,2699.0,686.0,0.0,361.0
2021-01-19 10:32:00,657.0,500.0,691.0,972.0,836.0,317.0,1101.0,994.0,1351.0,157.0,1501.0,819.0,729.0,356.0,1120.0,661.0,0.0,733.0,0.0,381.0,801.0,636.0,1278.0,529.0,2171.0,599.0,1594.0,671.0,447.0,1111.0,639.0,1352.0,2000.0,257.0,712.0,772.0,1036.0,804.0,1235.0,614.0,1319.0,231.0,711.0,280.0,867.0,997.0,1195.0,0.0,131.0,639.0,513.0,995.0,306.0,992.0,1825.0,1081.0,405.0,1025.0,1359.0,1022.0,776.0,1440.0,949.0,1036.0,794.0,862.0,498.0,941.0,0.0,0.0,533.0,952.0,0.0,1424.0,1754.0,6172.0,822.0,718.0,887.0,1184.0,501.0,516.0,1000.0,0.0,685.0,827.0,654.0,655.0,787.0,795.0,712.0,765.0,785.0,665.0,783.0,675.0,707.0,755.0,731.0,730.0,709.0,572.0,571.0,723.0,682.0,971.0,509.0,454.0,799.0,654.0,849.0,603.0,767.0,481.0,868.0,1379.0,483.0,1264.0,696.0,1550.0,411.0,462.0,0.0,482.0,605.0,711.0,0.0,1205.0,924.0,1192.0,0.0,0.0,793.0,0.0,855.0,697.0,0.0,1538.0,0.0,1599.0,540.0,0.0,383.0,802.0,0.0,655.0,0.0,754.0,1023.0,1054.0,778.0,697.0,928.0,850.0,478.0,225.0,1104.0,697.0,1162.0,818.0,1685.0,905.0,2589.0,791.0,570.0,507.0,378.0,1054.0,392.0,527.0,618.0,985.0,1737.0,320.0,547.0,128.0,519.0,556.0,1015.0,342.0,667.0,1227.0,0.0,1373.0,231.0,1150.0,885.0,583.0,568.0,391.0,902.0,2687.0,1016.0,902.0,447.0,2126.0,826.0,0.0,301.0
2021-01-26 11:08:00,721.0,1000.0,947.0,1261.0,967.0,599.0,1261.0,919.0,1689.0,708.0,1687.0,942.0,885.0,415.0,2117.0,961.0,0.0,833.0,0.0,763.0,884.0,902.0,918.0,793.0,1414.0,722.0,1545.0,671.0,398.0,1164.0,787.0,1821.0,2666.0,601.0,1331.0,894.0,1198.0,1077.0,1652.0,819.0,1419.0,463.0,832.0,280.0,1095.0,1231.0,921.0,0.0,131.0,1078.0,593.0,1141.0,306.0,1034.0,3253.0,954.0,450.0,1197.0,1971.0,535.0,847.0,576.0,632.0,1036.0,947.0,1075.0,563.0,823.0,0.0,0.0,735.0,931.0,0.0,1462.0,1754.0,1234.0,906.0,816.0,728.0,1207.0,733.0,516.0,1616.0,0.0,886.0,807.0,794.0,915.0,986.0,1006.0,787.0,908.0,848.0,826.0,896.0,887.0,837.0,940.0,965.0,877.0,915.0,734.0,718.0,831.0,853.0,1087.0,690.0,699.0,958.0,1047.0,566.0,1265.0,1013.0,663.0,1042.0,2119.0,414.0,1149.0,914.0,0.0,651.0,207.0,862.0,723.0,755.0,829.0,0.0,763.0,500.0,988.0,593.0,0.0,950.0,0.0,1000.0,871.0,0.0,1538.0,147.0,1541.0,1382.0,0.0,255.0,862.0,0.0,889.0,1724.0,1509.0,1098.0,1339.0,920.0,874.0,1163.0,1004.0,877.0,112.0,1464.0,633.0,0.0,1329.0,1166.0,1396.0,1294.0,947.0,479.0,710.0,441.0,872.0,196.0,732.0,725.0,1149.0,1994.0,533.0,109.0,512.0,527.0,705.0,1281.0,684.0,889.0,1159.0,430.0,1111.0,369.0,1180.0,1446.0,641.0,1422.0,900.0,485.0,1791.0,1179.0,1082.0,944.0,1445.0,865.0,395.0,241.0
2021-02-02 11:07:00,466.0,500.0,1041.0,1340.0,951.0,563.0,1101.0,830.0,844.0,1101.0,1709.0,967.0,770.0,296.0,1872.0,1983.0,975.0,760.0,1463.0,1908.0,1071.0,743.0,559.0,925.0,1151.0,967.0,1497.0,447.0,447.0,820.0,836.0,1622.0,2000.0,773.0,1444.0,939.0,1144.0,747.0,1747.0,931.0,1108.0,521.0,722.0,420.0,1130.0,826.0,450.0,0.0,131.0,1172.0,692.0,1342.0,715.0,1341.0,3571.0,1081.0,585.0,1069.0,1956.0,292.0,865.0,576.0,1265.0,2072.0,891.0,1230.0,756.0,623.0,0.0,0.0,1161.0,926.0,0.0,1124.0,0.0,1234.0,891.0,785.0,648.0,1253.0,1119.0,0.0,2078.0,0.0,912.0,686.0,797.0,1076.0,994.0,1058.0,868.0,933.0,834.0,802.0,911.0,987.0,884.0,940.0,1058.0,951.0,1006.0,794.0,815.0,840.0,916.0,1006.0,746.0,880.0,898.0,1195.0,1416.0,1343.0,974.0,715.0,992.0,1917.0,345.0,766.0,1153.0,0.0,753.0,589.0,1436.0,1045.0,842.0,922.0,369.0,712.0,346.0,511.0,712.0,523.0,970.0,0.0,902.0,1046.0,0.0,3076.0,441.0,1599.0,1742.0,384.0,255.0,845.0,0.0,538.0,3448.0,1320.0,1300.0,1516.0,783.0,1383.0,1622.0,1106.0,956.0,112.0,1248.0,719.0,0.0,1477.0,1088.0,1622.0,1370.0,971.0,1072.0,901.0,672.0,615.0,98.0,719.0,760.0,492.0,836.0,853.0,218.0,1536.0,543.0,697.0,1233.0,856.0,845.0,1193.0,645.0,948.0,416.0,1150.0,2272.0,691.0,1991.0,1213.0,763.0,1407.0,1119.0,1001.0,795.0,763.0,916.0,790.0,603.0
2021-02-09 10:32:00,530.0,1000.0,841.0,1038.0,767.0,352.0,776.0,837.0,675.0,472.0,1271.0,779.0,601.0,237.0,1540.0,1742.0,975.0,610.0,2439.0,954.0,866.0,743.0,319.0,661.0,592.0,1199.0,789.0,447.0,547.0,608.0,491.0,982.0,1333.0,515.0,900.0,858.0,659.0,503.0,1422.0,786.0,784.0,521.0,547.0,280.0,864.0,576.0,499.0,0.0,131.0,799.0,705.0,917.0,612.0,1319.0,1507.0,1017.0,765.0,779.0,1105.0,194.0,746.0,0.0,949.0,1554.0,692.0,959.0,836.0,561.0,0.0,0.0,948.0,780.0,1190.0,1424.0,0.0,1234.0,683.0,610.0,489.0,1116.0,1351.0,0.0,1308.0,2083.0,743.0,547.0,650.0,852.0,828.0,939.0,743.0,719.0,733.0,688.0,829.0,822.0,779.0,775.0,853.0,782.0,832.0,639.0,660.0,650.0,772.0,790.0,690.0,845.0,700.0,540.0,1983.0,700.0,1120.0,637.0,707.0,1446.0,759.0,574.0,839.0,0.0,753.0,828.0,862.0,643.0,637.0,726.0,739.0,526.0,154.0,579.0,356.0,523.0,740.0,0.0,740.0,784.0,854.0,7692.0,441.0,814.0,1081.0,384.0,1787.0,669.0,0.0,515.0,1724.0,188.0,994.0,1042.0,827.0,993.0,1377.0,1003.0,398.0,451.0,816.0,622.0,0.0,931.0,959.0,1094.0,456.0,1002.0,1232.0,642.0,735.0,548.0,98.0,694.0,586.0,492.0,386.0,640.0,437.0,1152.0,487.0,488.0,822.0,684.0,466.0,1022.0,860.0,629.0,416.0,843.0,1889.0,720.0,1706.0,704.0,971.0,703.0,867.0,774.0,497.0,490.0,797.0,395.0,663.0
2021-02-16 11:01:00,424.0,1000.0,567.0,737.0,531.0,246.0,630.0,596.0,506.0,157.0,629.0,503.0,414.0,118.0,1015.0,480.0,0.0,474.0,975.0,190.0,493.0,902.0,159.0,132.0,526.0,926.0,225.0,223.0,348.0,370.0,196.0,612.0,0.0,257.0,600.0,536.0,457.0,373.0,1020.0,510.0,336.0,289.0,372.0,280.0,549.0,530.0,352.0,0.0,0.0,426.0,513.0,481.0,153.0,897.0,396.0,508.0,315.0,530.0,492.0,438.0,631.0,0.0,316.0,0.0,500.0,736.0,531.0,411.0,0.0,0.0,794.0,567.0,1190.0,1462.0,0.0,1234.0,512.0,426.0,307.0,706.0,810.0,0.0,384.0,2083.0,497.0,406.0,491.0,602.0,591.0,672.0,535.0,485.0,535.0,481.0,665.0,579.0,608.0,559.0,661.0,526.0,579.0,455.0,435.0,505.0,543.0,598.0,576.0,601.0,713.0,294.0,1416.0,447.0,990.0,585.0,423.0,874.0,552.0,613.0,368.0,1550.0,548.0,446.0,287.0,241.0,435.0,496.0,369.0,424.0,38.0,408.0,237.0,0.0,462.0,0.0,606.0,261.0,1709.0,12307.0,294.0,319.0,420.0,0.0,2171.0,435.0,0.0,351.0,3448.0,566.0,657.0,555.0,702.0,295.0,620.0,759.0,318.0,451.0,408.0,547.0,0.0,488.0,492.0,603.0,0.0,780.0,547.0,304.0,483.0,569.0,392.0,565.0,417.0,985.0,514.0,213.0,547.0,256.0,423.0,315.0,435.0,342.0,155.0,443.0,430.0,384.0,323.0,582.0,1180.0,468.0,568.0,391.0,693.0,255.0,587.0,657.0,397.0,231.0,495.0,790.0,241.0
2021-02-23 10:48:00,318.0,0.0,346.0,474.0,344.0,246.0,509.0,466.0,337.0,236.0,335.0,341.0,242.0,118.0,385.0,180.0,0.0,379.0,0.0,190.0,391.0,1114.0,119.0,132.0,361.0,463.0,193.0,0.0,447.0,317.0,245.0,327.0,0.0,257.0,281.0,280.0,363.0,201.0,642.0,285.0,211.0,57.0,306.0,140.0,302.0,374.0,293.0,0.0,131.0,359.0,340.0,827.0,51.0,675.0,0.0,318.0,45.0,355.0,194.0,487.0,480.0,0.0,0.0,518.0,345.0,494.0,289.0,280.0,0.0,0.0,735.0,364.0,0.0,599.0,0.0,2469.0,366.0,328.0,409.0,296.0,308.0,0.0,307.0,0.0,330.0,298.0,347.0,453.0,367.0,461.0,374.0,307.0,379.0,318.0,525.0,484.0,427.0,387.0,470.0,363.0,358.0,324.0,338.0,399.0,353.0,467.0,475.0,286.0,532.0,343.0,849.0,331.0,537.0,546.0,236.0,504.0,552.0,268.0,249.0,1550.0,308.0,223.0,0.0,241.0,356.0,340.0,0.0,390.0,77.0,306.0,712.0,1047.0,257.0,1081.0,431.0,174.0,854.0,9230.0,294.0,261.0,120.0,0.0,638.0,272.0,0.0,93.0,3448.0,566.0,635.0,317.0,424.0,189.0,406.0,488.0,318.0,225.0,192.0,450.0,0.0,409.0,181.0,528.0,0.0,535.0,479.0,146.0,126.0,417.0,294.0,398.0,328.0,328.0,257.0,533.0,328.0,128.0,263.0,265.0,265.0,0.0,222.0,204.0,0.0,253.0,46.0,368.0,590.0,187.0,0.0,156.0,208.0,0.0,466.0,523.0,298.0,122.0,388.0,790.0,301.0
2021-03-02 10:51:00,148.0,0.0,236.0,320.0,243.0,140.0,344.0,397.0,337.0,78.0,224.0,245.0,210.0,118.0,210.0,120.0,0.0,353.0,0.0,0.0,223.0,690.0,119.0,132.0,197.0,299.0,257.0,0.0,248.0,317.0,245.0,199.0,0.0,171.0,112.0,182.0,228.0,186.0,397.0,199.0,136.0,115.0,219.0,0.0,198.0,218.0,274.0,0.0,263.0,253.0,272.0,671.0,51.0,401.0,0.0,699.0,0.0,270.0,492.0,146.0,284.0,576.0,316.0,518.0,241.0,203.0,193.0,137.0,0.0,0.0,652.0,162.0,0.0,599.0,0.0,0.0,241.0,239.0,466.0,136.0,231.0,0.0,538.0,0.0,266.0,257.0,251.0,324.0,289.0,340.0,287.0,229.0,311.0,260.0,378.0,392.0,322.0,251.0,327.0,263.0,279.0,248.0,363.0,299.0,236.0,352.0,316.0,181.0,292.0,442.0,283.0,214.0,376.0,468.0,182.0,302.0,621.0,344.0,269.0,0.0,342.0,191.0,0.0,80.0,304.0,286.0,0.0,1340.0,77.0,204.0,1425.0,1047.0,173.0,1621.0,322.0,87.0,0.0,4615.0,147.0,232.0,240.0,384.0,0.0,218.0,0.0,23.0,0.0,0.0,485.0,240.0,217.0,236.0,229.0,377.0,159.0,112.0,144.0,407.0,0.0,568.0,0.0,301.0,0.0,366.0,433.0,112.0,105.0,240.0,0.0,257.0,274.0,0.0,64.0,533.0,0.0,128.0,199.0,231.0,217.0,0.0,289.0,136.0,215.0,179.0,0.0,153.0,88.0,158.0,0.0,156.0,138.0,0.0,331.0,454.0,248.0,68.0,391.0,0.0,422.0
2021-03-09 11:44:00,212.0,0.0,201.0,236.0,190.0,105.0,198.0,295.0,168.0,0.0,134.0,162.0,222.0,0.0,210.0,120.0,0.0,298.0,0.0,190.0,111.0,424.0,79.0,0.0,493.0,136.0,273.0,0.0,99.0,132.0,98.0,227.0,0.0,0.0,75.0,162.0,121.0,273.0,290.0,183.0,112.0,289.0,197.0,0.0,188.0,109.0,195.0,0.0,131.0,186.0,278.0,22.0,102.0,179.0,79.0,1081.0,45.0,198.0,582.0,97.0,222.0,864.0,316.0,518.0,207.0,155.0,48.0,112.0,0.0,0.0,462.0,91.0,0.0,487.0,0.0,0.0,212.0,160.0,238.0,136.0,154.0,0.0,76.0,0.0,233.0,257.0,205.0,260.0,259.0,297.0,268.0,219.0,251.0,221.0,283.0,251.0,262.0,189.0,279.0,220.0,260.0,216.0,334.0,219.0,163.0,321.0,226.0,188.0,300.0,1146.0,0.0,155.0,337.0,572.0,198.0,370.0,345.0,498.0,204.0,0.0,274.0,143.0,0.0,0.0,277.0,255.0,0.0,1188.0,192.0,34.0,1187.0,0.0,146.0,1081.0,295.0,174.0,0.0,1538.0,147.0,203.0,180.0,384.0,0.0,260.0,0.0,70.0,0.0,377.0,216.0,213.0,163.0,248.0,146.0,308.0,79.0,0.0,48.0,386.0,0.0,375.0,25.0,264.0,76.0,268.0,251.0,169.0,126.0,168.0,98.0,257.0,182.0,164.0,64.0,0.0,0.0,896.0,271.0,229.0,96.0,0.0,355.0,272.0,430.0,187.0,0.0,107.0,59.0,172.0,0.0,273.0,416.0,127.0,242.0,337.0,298.0,122.0,344.0,0.0,482.0
2021-03-16 10:45:00,191.0,0.0,190.0,212.0,194.0,211.0,169.0,356.0,0.0,78.0,125.0,119.0,235.0,118.0,245.0,120.0,0.0,296.0,0.0,763.0,195.0,424.0,119.0,264.0,559.0,163.0,112.0,0.0,248.0,185.0,0.0,284.0,0.0,85.0,75.0,126.0,148.0,316.0,290.0,159.0,273.0,347.0,230.0,0.0,184.0,77.0,137.0,0.0,526.0,332.0,377.0,156.0,102.0,168.0,79.0,508.0,45.0,166.0,224.0,438.0,260.0,288.0,632.0,518.0,201.0,125.0,144.0,143.0,0.0,0.0,177.0,162.0,0.0,74.0,0.0,0.0,211.0,145.0,125.0,113.0,115.0,0.0,153.0,0.0,247.0,275.0,199.0,243.0,279.0,273.0,275.0,230.0,212.0,213.0,286.0,208.0,240.0,200.0,255.0,221.0,230.0,203.0,281.0,204.0,180.0,303.0,181.0,188.0,249.0,1096.0,566.0,194.0,214.0,624.0,204.0,471.0,276.0,383.0,242.0,0.0,308.0,127.0,0.0,0.0,304.0,215.0,0.0,186.0,308.0,0.0,356.0,0.0,118.0,0.0,293.0,87.0,0.0,1538.0,294.0,348.0,0.0,0.0,0.0,232.0,0.0,93.0,0.0,377.0,186.0,190.0,228.0,130.0,135.0,237.0,79.0,112.0,144.0,343.0,0.0,261.0,77.0,150.0,76.0,198.0,114.0,180.0,147.0,177.0,294.0,321.0,113.0,164.0,64.0,0.0,109.0,768.0,295.0,219.0,217.0,0.0,222.0,511.0,215.0,147.0,46.0,92.0,118.0,108.0,142.0,156.0,416.0,255.0,251.0,232.0,298.0,177.0,237.0,0.0,542.0
2021-03-23 12:16:00,42.0,0.0,181.0,207.0,184.0,458.0,150.0,260.0,675.0,472.0,137.0,162.0,235.0,118.0,140.0,480.0,0.0,251.0,1951.0,572.0,260.0,0.0,79.0,264.0,164.0,204.0,112.0,0.0,597.0,317.0,245.0,284.0,0.0,300.0,243.0,81.0,215.0,215.0,287.0,159.0,273.0,231.0,219.0,0.0,186.0,140.0,137.0,0.0,657.0,439.0,358.0,145.0,0.0,168.0,79.0,318.0,45.0,171.0,134.0,535.0,290.0,0.0,632.0,0.0,236.0,87.0,225.0,174.0,0.0,0.0,296.0,177.0,0.0,224.0,0.0,0.0,248.0,154.0,102.0,45.0,463.0,0.0,307.0,0.0,239.0,275.0,194.0,247.0,285.0,264.0,236.0,237.0,184.0,222.0,275.0,179.0,246.0,201.0,256.0,186.0,207.0,218.0,306.0,221.0,202.0,253.0,158.0,202.0,223.0,507.0,1699.0,311.0,199.0,312.0,209.0,504.0,138.0,268.0,276.0,0.0,376.0,31.0,287.0,160.0,340.0,224.0,0.0,339.0,231.0,68.0,118.0,0.0,78.0,0.0,276.0,348.0,0.0,1538.0,147.0,319.0,0.0,0.0,0.0,175.0,0.0,46.0,0.0,0.0,127.0,218.0,255.0,130.0,93.0,174.0,79.0,225.0,192.0,300.0,0.0,386.0,103.0,37.0,0.0,161.0,456.0,112.0,105.0,210.0,196.0,372.0,134.0,0.0,0.0,0.0,218.0,0.0,199.0,234.0,290.0,0.0,111.0,340.0,0.0,212.0,92.0,61.0,118.0,165.0,284.0,78.0,138.0,63.0,303.0,232.0,149.0,122.0,204.0,0.0,180.0
2021-03-30 11:53:00,21.0,0.0,208.0,226.0,184.0,422.0,198.0,267.0,844.0,393.0,124.0,265.0,219.0,118.0,210.0,781.0,0.0,267.0,1951.0,954.0,316.0,0.0,0.0,396.0,32.0,177.0,257.0,447.0,646.0,344.0,295.0,270.0,0.0,558.0,412.0,117.0,228.0,301.0,266.0,159.0,199.0,173.0,438.0,841.0,232.0,109.0,146.0,0.0,526.0,412.0,266.0,44.0,0.0,285.0,158.0,254.0,90.0,217.0,149.0,389.0,266.0,0.0,0.0,0.0,319.0,135.0,112.0,218.0,0.0,0.0,462.0,217.0,0.0,637.0,0.0,0.0,306.0,182.0,136.0,68.0,540.0,0.0,461.0,0.0,267.0,335.0,207.0,342.0,331.0,329.0,260.0,237.0,239.0,227.0,316.0,203.0,294.0,274.0,307.0,244.0,248.0,246.0,285.0,316.0,228.0,321.0,237.0,216.0,253.0,392.0,1133.0,253.0,437.0,208.0,240.0,538.0,138.0,153.0,255.0,0.0,479.0,175.0,1149.0,160.0,387.0,278.0,0.0,203.0,115.0,102.0,356.0,0.0,154.0,0.0,319.0,348.0,0.0,0.0,0.0,290.0,0.0,0.0,0.0,234.0,0.0,117.0,0.0,0.0,127.0,314.0,283.0,153.0,109.0,206.0,79.0,112.0,240.0,236.0,0.0,352.0,103.0,113.0,76.0,181.0,616.0,123.0,63.0,257.0,0.0,449.0,205.0,0.0,128.0,0.0,109.0,128.0,183.0,279.0,217.0,171.0,66.0,238.0,0.0,302.0,416.0,122.0,147.0,281.0,0.0,195.0,0.0,255.0,442.0,250.0,49.0,149.0,326.0,395.0,361.0
2021-04-06 11:56:00,127.0,0.0,255.0,245.0,220.0,140.0,320.0,363.0,506.0,0.0,159.0,258.0,197.0,237.0,385.0,540.0,0.0,296.0,0.0,2099.0,353.0,159.0,0.0,529.0,65.0,190.0,209.0,671.0,547.0,529.0,147.0,185.0,0.0,429.0,393.0,178.0,228.0,258.0,246.0,141.0,199.0,57.0,514.0,1402.0,263.0,93.0,186.0,0.0,394.0,372.0,259.0,78.0,0.0,337.0,79.0,190.0,180.0,255.0,164.0,389.0,254.0,0.0,0.0,0.0,333.0,261.0,64.0,355.0,0.0,1162.0,237.0,308.0,0.0,449.0,0.0,0.0,299.0,212.0,113.0,182.0,347.0,172.0,230.0,0.0,302.0,437.0,214.0,371.0,333.0,375.0,282.0,265.0,275.0,240.0,324.0,275.0,289.0,293.0,318.0,302.0,291.0,256.0,242.0,347.0,243.0,334.0,305.0,202.0,189.0,229.0,0.0,155.0,537.0,182.0,290.0,807.0,69.0,76.0,269.0,775.0,411.0,286.0,862.0,0.0,368.0,321.0,0.0,135.0,77.0,136.0,237.0,0.0,247.0,0.0,319.0,0.0,0.0,0.0,0.0,348.0,60.0,0.0,0.0,289.0,0.0,163.0,0.0,0.0,112.0,317.0,244.0,94.0,151.0,227.0,79.0,112.0,168.0,354.0,0.0,227.0,77.0,113.0,76.0,240.0,251.0,146.0,189.0,257.0,0.0,424.0,222.0,0.0,321.0,0.0,218.0,256.0,247.0,269.0,145.0,171.0,111.0,306.0,215.0,335.0,462.0,153.0,177.0,302.0,0.0,352.0,0.0,383.0,415.0,442.0,0.0,245.0,405.0,790.0,542.0
2021-04-13 11:51:00,233.0,0.0,308.0,314.0,318.0,235.0,460.0,370.0,164.0,77.0,232.0,310.0,261.0,57.0,408.0,415.0,0.0,345.0,0.0,2569.0,436.0,459.0,118.0,254.0,32.0,201.0,124.0,447.0,576.0,494.0,294.0,138.0,0.0,82.0,498.0,155.0,333.0,197.0,239.0,263.0,306.0,168.0,346.0,553.0,347.0,229.0,309.0,0.0,0.0,587.0,317.0,150.0,99.0,365.0,74.0,423.0,260.0,289.0,293.0,514.0,226.0,0.0,323.0,0.0,369.0,325.0,357.0,338.0,657.0,2247.0,175.0,375.0,0.0,292.0,0.0,0.0,314.0,271.0,134.0,293.0,556.0,344.0,223.0,2040.0,356.0,466.0,270.0,437.0,359.0,436.0,371.0,324.0,355.0,298.0,372.0,344.0,351.0,324.0,414.0,366.0,334.0,294.0,293.0,356.0,286.0,378.0,716.0,170.0,224.0,440.0,0.0,211.0,554.0,152.0,374.0,582.0,132.0,75.0,353.0,0.0,1112.0,232.0,0.0,77.0,493.0,348.0,0.0,373.0,149.0,100.0,115.0,0.0,273.0,558.0,335.0,426.0,0.0,0.0,143.0,338.0,289.0,0.0,124.0,300.0,1052.0,91.0,0.0,0.0,334.0,363.0,134.0,230.0,127.0,329.0,75.0,333.0,163.0,415.0,0.0,256.0,74.0,328.0,0.0,331.0,410.0,174.0,247.0,230.0,93.0,434.0,279.0,165.0,314.0,0.0,207.0,258.0,266.0,258.0,283.0,0.0,218.0,134.0,803.0,411.0,178.0,150.0,175.0,270.0,424.0,230.0,134.0,439.0,334.0,695.0,144.0,174.0,337.0,381.0,288.0
2021-04-20 13:22:00,211.0,0.0,330.0,374.0,389.0,706.0,469.0,397.0,0.0,311.0,251.0,407.0,291.0,171.0,323.0,356.0,0.0,488.0,485.0,1383.0,557.0,357.0,356.0,891.0,0.0,188.0,233.0,223.0,336.0,416.0,785.0,222.0,0.0,0.0,572.0,207.0,667.0,211.0,358.0,406.0,306.0,112.0,303.0,276.0,416.0,290.0,483.0,0.0,0.0,809.0,348.0,204.0,99.0,415.0,299.0,423.0,130.0,335.0,279.0,327.0,298.0,0.0,970.0,0.0,422.0,316.0,326.0,241.0,657.0,1123.0,269.0,324.0,0.0,511.0,0.0,0.0,448.0,325.0,292.0,406.0,631.0,172.0,223.0,2040.0,427.0,450.0,356.0,525.0,421.0,515.0,451.0,378.0,417.0,356.0,475.0,365.0,450.0,413.0,501.0,428.0,423.0,381.0,291.0,387.0,378.0,547.0,816.0,224.0,308.0,518.0,0.0,326.0,562.0,229.0,435.0,226.0,463.0,189.0,370.0,0.0,1416.0,387.0,0.0,231.0,482.0,389.0,371.0,357.0,298.0,0.0,230.0,0.0,285.0,558.0,360.0,426.0,0.0,2739.0,143.0,254.0,289.0,0.0,624.0,322.0,1052.0,91.0,0.0,0.0,594.0,447.0,151.0,357.0,173.0,425.0,151.0,778.0,349.0,351.0,0.0,334.0,74.0,255.0,0.0,374.0,478.0,358.0,412.0,322.0,465.0,421.0,339.0,165.0,188.0,0.0,103.0,258.0,289.0,336.0,496.0,0.0,720.0,134.0,803.0,541.0,44.0,330.0,292.0,298.0,707.0,76.0,202.0,690.0,416.0,615.0,240.0,134.0,465.0,763.0,173.0
2021-04-27 11:54:00,296.0,490.0,312.0,374.0,402.0,874.0,474.0,343.0,164.0,233.0,235.0,370.0,297.0,285.0,391.0,297.0,0.0,440.0,485.0,592.0,436.0,153.0,555.0,1019.0,65.0,188.0,280.0,223.0,240.0,390.0,588.0,194.0,0.0,0.0,295.0,207.0,854.0,211.0,392.0,388.0,269.0,56.0,303.0,414.0,369.0,382.0,435.0,0.0,0.0,639.0,238.0,161.0,199.0,283.0,599.0,484.0,0.0,329.0,455.0,140.0,365.0,0.0,970.0,0.0,403.0,325.0,170.0,259.0,0.0,0.0,328.0,324.0,0.0,804.0,0.0,0.0,465.0,341.0,382.0,428.0,519.0,172.0,0.0,0.0,404.0,372.0,385.0,466.0,458.0,521.0,422.0,371.0,366.0,372.0,440.0,333.0,409.0,424.0,485.0,395.0,422.0,392.0,277.0,332.0,376.0,631.0,470.0,245.0,389.0,314.0,549.0,288.0,389.0,356.0,430.0,97.0,529.0,341.0,260.0,1550.0,472.0,356.0,0.0,231.0,320.0,358.0,371.0,211.0,336.0,234.0,115.0,0.0,275.0,0.0,337.0,85.0,0.0,2739.0,0.0,141.0,173.0,0.0,1248.0,329.0,0.0,68.0,0.0,0.0,527.0,409.0,199.0,299.0,259.0,407.0,151.0,667.0,629.0,415.0,0.0,233.0,149.0,182.0,74.0,362.0,228.0,402.0,288.0,271.0,372.0,280.0,322.0,0.0,125.0,0.0,207.0,1161.0,211.0,377.0,496.0,0.0,851.0,134.0,1004.0,533.0,133.0,405.0,263.0,291.0,282.0,115.0,202.0,376.0,416.0,396.0,192.0,147.0,436.0,763.0,57.0
2021-05-04 11:59:00,444.0,490.0,278.0,412.0,348.0,639.0,570.0,276.0,821.0,77.0,240.0,298.0,267.0,400.0,595.0,237.0,0.0,306.0,0.0,395.0,325.0,204.0,753.0,254.0,65.0,147.0,264.0,223.0,336.0,338.0,294.0,152.0,0.0,124.0,55.0,115.0,707.0,239.0,349.0,425.0,269.0,56.0,335.0,414.0,298.0,397.0,319.0,0.0,0.0,535.0,238.0,172.0,199.0,243.0,299.0,545.0,86.0,325.0,778.0,46.0,342.0,0.0,647.0,0.0,387.0,335.0,232.0,338.0,0.0,0.0,410.0,360.0,0.0,840.0,0.0,0.0,419.0,364.0,404.0,270.0,519.0,344.0,149.0,0.0,363.0,336.0,364.0,440.0,421.0,474.0,401.0,362.0,354.0,341.0,398.0,348.0,390.0,369.0,420.0,364.0,386.0,355.0,274.0,294.0,318.0,554.0,302.0,238.0,338.0,204.0,1098.0,403.0,404.0,497.0,389.0,161.0,727.0,265.0,290.0,1550.0,269.0,232.0,0.0,77.0,281.0,344.0,0.0,211.0,411.0,301.0,0.0,0.0,285.0,0.0,359.0,85.0,0.0,0.0,0.0,310.0,57.0,0.0,998.0,293.0,0.0,137.0,0.0,0.0,401.0,358.0,280.0,299.0,239.0,390.0,75.0,111.0,629.0,415.0,0.0,289.0,299.0,292.0,149.0,349.0,205.0,337.0,309.0,309.0,93.0,280.0,337.0,0.0,62.0,0.0,103.0,1032.0,140.0,359.0,708.0,162.0,480.0,201.0,803.0,428.0,178.0,255.0,116.0,257.0,141.0,230.0,202.0,188.0,370.0,367.0,192.0,80.0,316.0,381.0,0.0
